id,first_name,last_name,email,icd10,plan_id,state,ssn,visit_date,callcenter_contact,web_app_start,survey_date,active
1,Flor,Rawood,frawood0@sphinn.com,,1021,CA,428-69-7122,11/18/2021,10/11/2021,9/4/2021,12/11/2021,FALSE
5,Carmelina,Ropp,cropp4@npr.org,H832X,1021,MD,416-37-0353,10/3/2021,7/6/2021,9/24/2021,10/20/2021,FALSE
7,Kellsie,Pitkeathly,kpitkeathly6@oracle.com,,1021,AZ,390-55-2795,11/4/2021,1/0/1900,8/10/2021,11/19/2021,FALSE
8,Ingaborg,Joincey,ijoincey7@biglobe.ne.jp,S50869S,1021,HI,859-78-1377,8/14/2021,4/24/2021,6/1/2021,9/18/2021,FALSE
14,Brandy,Hadigate,bhadigated@weather.com,H2712,1021,TX,388-19-8196,11/7/2021,10/5/2021,10/9/2021,11/12/2021,TRUE
18,Eba,Darnody,edarnodyh@macromedia.com,S82424J,1022,VA,232-74-7813,9/29/2021,8/28/2021,7/18/2021,10/4/2021,FALSE
19,Nesta,MacGillavery,nmacgillaveryi@over-blog.com,,1022,CA,751-12-1364,11/11/2021,8/9/2021,9/8/2021,11/23/2021,FALSE
24,Regina,Witard,rwitardn@patch.com,S52333,1022,FL,719-37-2687,11/28/2021,11/17/2021,9/14/2021,12/12/2021,FALSE
26,Ginny,Hawley,ghawleyp@cargocollective.com,S68125A,1022,VA,521-61-7473,11/4/2021,7/26/2021,10/25/2021,12/15/2021,TRUE
28,Elianora,Raggatt,eraggattr@cpanel.net,K8033,1022,WA,657-71-0663,10/16/2021,6/26/2021,8/3/2021,11/26/2021,FALSE
33,Case,Stych,cstychw@de.vu,G40019,1023,MN,391-53-2970,11/16/2021,9/18/2021,10/27/2021,11/23/2021,TRUE
36,Chanda,Medland,cmedlandz@nps.gov,,1023,LA,418-92-9432,8/18/2021,8/7/2021,5/26/2021,8/24/2021,TRUE
44,Prince,Dahlman,pdahlman17@cbc.ca,T809,1023,NC,242-11-0382,8/27/2021,5/27/2021,6/16/2021,9/30/2021,TRUE
46,Barthel,Busain,,,1024,TX,597-37-8585,11/14/2021,9/30/2021,9/4/2021,11/23/2021,FALSE
47,Byrle,Mathers,bmathers1a@github.io,,1024,NY,704-94-3185,11/11/2021,8/27/2021,11/11/2021,11/20/2021,TRUE
52,Chelsy,Leggan,,T6593XS,1024,AL,233-26-5017,9/24/2021,8/11/2021,7/2/2021,11/4/2021,FALSE
54,Abner,Behagg,abehagg1h@de.vu,S7026,1024,CA,482-36-0810,9/26/2021,8/26/2021,7/30/2021,10/26/2021,FALSE
57,Carilyn,Kissock,ckissock1k@wunderground.com,,1024,TN,573-37-3767,11/17/2021,9/26/2021,9/12/2021,11/25/2021,TRUE
59,Gabbi,Aronoff,garonoff1m@sina.com.cn,Z983,1024,NY,359-18-5577,12/4/2021,10/21/2021,1/0/1900,12/29/2021,TRUE
61,Jeralee,Gromley,jgromley1o@is.gd,,1025,FL,185-85-0774,12/9/2021,9/4/2021,9/15/2021,12/16/2021,FALSE
62,Engelbert,Totterdill,etotterdill1p@cmu.edu,E8840,1025,MO,365-76-9712,9/13/2021,8/26/2021,9/1/2021,9/30/2021,TRUE
70,Brana,Shanks,bshanks1x@ucla.edu,,1025,SC,684-87-4607,10/22/2021,7/20/2021,1/0/1900,11/26/2021,TRUE
73,Vin,McGeachey,vmcgeachey20@joomla.org,T457X1S,1025,CO,592-88-7260,9/6/2021,6/18/2021,6/27/2021,9/13/2021,TRUE
75,Dario,Tiron,dtiron22@nba.com,S72051R,1025,CA,298-45-4376,9/24/2021,9/20/2021,9/1/2021,10/5/2021,FALSE
77,Estell,Cundey,ecundey24@cdc.gov,W429XXA,1026,NY,426-99-2487,9/9/2021,8/11/2021,8/25/2021,10/19/2021,FALSE
79,Raye,Firpo,rfirpo26@unblog.fr,,1026,MO,670-79-8692,8/28/2021,6/28/2021,6/4/2021,9/1/2021,TRUE
80,Gilbert,Collopy,gcollopy27@berkeley.edu,,1026,VA,486-76-9079,10/6/2021,7/17/2021,7/8/2021,11/5/2021,FALSE
86,Joaquin,Campagne,,,1026,MD,185-71-5922,9/24/2021,5/30/2021,8/31/2021,11/3/2021,FALSE
87,Montague,Schmuhl,,,1026,FL,537-45-6806,11/11/2021,10/31/2021,9/25/2021,12/22/2021,TRUE
89,Carolin,Testro,ctestro2g@rediff.com,S52209S,1026,,343-14-7376,9/13/2021,6/27/2021,8/13/2021,10/3/2021,
90,Leigha,Bartles,lbartles2h@webnode.com,S62246P,1026,MO,793-38-6295,8/20/2021,5/15/2021,5/14/2021,9/26/2021,FALSE
91,Ciel,Warlock,cwarlock2i@cnbc.com,T505X1D,1027,TX,183-30-5207,10/20/2021,7/16/2021,7/30/2021,11/2/2021,FALSE
92,Alexandr,Cappleman,acappleman2j@whitehouse.gov,,1027,FL,412-51-1023,12/12/2021,10/28/2021,12/7/2021,12/19/2021,TRUE
95,Juliann,Demschke,jdemschke2m@toplist.cz,,1027,TX,306-61-3990,11/22/2021,8/24/2021,10/9/2021,12/23/2021,FALSE
97,Marjory,Wolton,,,1027,TX,685-75-5910,9/15/2021,6/15/2021,8/24/2021,9/25/2021,FALSE
98,Mill,Burvill,mburvill2p@sakura.ne.jp,S61519A,1027,TX,782-88-8321,9/24/2021,8/11/2021,8/2/2021,10/3/2021,TRUE
100,Allison,Leal,aleal2r@zdnet.com,,1027,DC,151-30-9248,10/21/2021,9/3/2021,1/0/1900,11/26/2021,FALSE
102,Winny,Kemetz,wkemetz2t@jugem.jp,,1027,MN,364-24-0602,11/1/2021,8/2/2021,8/27/2021,11/8/2021,TRUE
103,Bert,Gosnoll,bgosnoll2u@auda.org.au,,1027,TX,244-28-1772,9/25/2021,1/0/1900,7/11/2021,10/21/2021,FALSE
105,Bryna,Goman,bgoman2w@yelp.com,,1027,OH,796-13-0079,8/20/2021,5/2/2021,7/9/2021,8/24/2021,FALSE
107,Zacharias,Candwell,zcandwell2y@admin.ch,,1028,AZ,783-65-4863,10/4/2021,9/6/2021,8/8/2021,10/7/2021,FALSE
110,Nicoli,Valintine,nvalintine31@cnn.com,V110XXA,1028,NJ,363-11-2896,9/24/2021,8/8/2021,8/10/2021,10/18/2021,FALSE
113,Selie,Philippard,sphilippard34@photobucket.com,S8390XA,1028,TX,445-29-5944,9/19/2021,8/1/2021,9/2/2021,10/13/2021,TRUE
114,Dugald,Gyse,dgyse35@discuz.net,W5659,1028,NY,326-64-4488,10/19/2021,6/25/2021,9/23/2021,11/26/2021,FALSE
115,Taite,Stainton,tstainton36@nytimes.com,,1028,WV,307-58-2095,8/25/2021,8/11/2021,8/21/2021,9/17/2021,FALSE
122,Chancey,Sinkin,csinkin3d@jiathis.com,S62031D,1029,MI,223-01-7446,9/17/2021,7/29/2021,8/15/2021,10/15/2021,FALSE
124,Judas,Naerup,,,1029,CO,698-68-2765,11/2/2021,9/27/2021,9/4/2021,11/26/2021,FALSE
125,Jobyna,Minot,jminot3g@ebay.com,Y37141,1029,TX,245-73-1568,10/30/2021,10/3/2021,9/3/2021,12/1/2021,FALSE
126,Keane,Haville,khaville3h@163.com,,1029,TX,185-69-3172,8/11/2021,4/28/2021,5/27/2021,9/18/2021,FALSE
127,Belvia,Crafts,bcrafts3i@narod.ru,,1029,NM,884-87-2840,8/28/2021,6/8/2021,5/26/2021,9/8/2021,FALSE
131,Clevie,McCamish,cmccamish3m@networkadvertising.org,,1029,NJ,487-91-3445,11/24/2021,7/30/2021,9/16/2021,11/30/2021,FALSE
134,Cyndy,Danovich,,K9589,1029,TX,439-87-3958,9/10/2021,7/29/2021,7/3/2021,9/17/2021,FALSE
135,Charlena,Ledeker,cledeker3q@newsvine.com,,1029,IN,255-90-9403,10/5/2021,6/26/2021,7/9/2021,10/13/2021,TRUE
136,Kristal,Smoote,ksmoote3r@sun.com,,1030,MT,536-37-3045,8/23/2021,7/31/2021,7/31/2021,9/17/2021,FALSE
137,Georas,O'Concannon,goconcannon3s@shinystat.com,T71221S,1030,NM,688-44-1859,8/21/2021,4/23/2021,5/28/2021,10/1/2021,TRUE
138,Selia,Brasier,,,1030,WA,819-88-8973,9/2/2021,6/5/2021,7/16/2021,9/10/2021,TRUE
142,Caitlin,Kelsow,ckelsow3x@woothemes.com,,1030,CA,432-25-8389,8/21/2021,5/3/2021,8/19/2021,9/11/2021,TRUE
143,Erin,Devonport,edevonport3y@t-online.de,V9511XD,1030,OH,168-94-5303,8/24/2021,5/14/2021,6/15/2021,8/27/2021,TRUE
144,Fred,Abilowitz,fabilowitz3z@163.com,S15122A,1030,MI,315-54-0637,9/2/2021,7/24/2021,1/0/1900,9/24/2021,FALSE
146,Carlie,Gaskin,cgaskin41@ustream.tv,,1030,TX,546-20-4207,9/12/2021,6/26/2021,9/3/2021,10/19/2021,TRUE
147,Cece,Dodgshun,,S53412,1030,SC,504-77-5300,11/3/2021,10/20/2021,8/1/2021,11/29/2021,TRUE
149,Brianna,McBeth,,O0737,1030,GA,404-34-2900,10/31/2021,10/20/2021,9/1/2021,11/27/2021,TRUE
150,Cele,Martschke,cmartschke45@indiegogo.com,,1030,KY,224-14-6042,12/11/2021,9/28/2021,11/11/2021,12/15/2021,FALSE
154,Stesha,Hartness,shartness49@chronoengine.com,,1031,NC,818-30-3626,11/21/2021,8/4/2021,9/3/2021,12/1/2021,FALSE
157,Melody,Drieu,mdrieu4c@bizjournals.com,S21041A,1031,NY,445-70-5957,8/20/2021,6/25/2021,7/30/2021,9/18/2021,TRUE
159,Bud,Buckenhill,bbuckenhill4e@nih.gov,S20229A,1031,FL,363-22-6157,11/1/2021,10/9/2021,7/27/2021,11/6/2021,FALSE
160,Washington,Cluley,wcluley4f@yahoo.com,,1031,MI,392-68-8299,8/11/2021,6/7/2021,5/22/2021,8/21/2021,TRUE
164,Fionnula,Wilsdon,fwilsdon4j@theglobeandmail.com,,1031,IL,429-05-8054,8/25/2021,7/27/2021,1/0/1900,9/12/2021,TRUE
166,Vallie,Horlick,,K601,1032,NC,183-80-5098,10/16/2021,6/30/2021,8/13/2021,11/8/2021,TRUE
173,Doti,Gottschalk,dgottschalk4s@bloomberg.com,,1032,TX,391-29-0037,12/25/2021,9/30/2021,10/9/2021,12/29/2021,TRUE
176,Ali,Sperrett,asperrett4v@google.cn,S82034,1032,GA,427-93-8406,10/10/2021,6/30/2021,1/0/1900,10/31/2021,FALSE
177,Costanza,Luxton,cluxton4w@tinyurl.com,H10509,1032,WA,726-35-2089,11/5/2021,1/0/1900,8/3/2021,11/27/2021,FALSE
179,Diane,Dyerson,ddyerson4y@washington.edu,,1032,NV,688-57-2819,11/8/2021,9/18/2021,8/16/2021,12/15/2021,TRUE
194,Tess,Elphick,telphick5d@who.int,,1033,TX,304-67-3635,10/28/2021,1/0/1900,10/26/2021,11/15/2021,TRUE
195,Avivah,Osbourne,,M84756A,1033,NJ,858-24-7329,10/23/2021,10/18/2021,8/12/2021,11/11/2021,FALSE
198,Trevor,Lightbowne,tlightbowne5h@boston.com,,1034,GA,198-65-7791,10/29/2021,10/2/2021,8/16/2021,12/7/2021,FALSE
199,Gerianna,Alcalde,galcalde5i@phoca.cz,,1034,CA,328-44-3403,11/2/2021,7/25/2021,8/15/2021,11/17/2021,TRUE
200,Fulvia,Burnep,,,1034,CA,451-90-3467,12/2/2021,9/27/2021,1/0/1900,12/5/2021,TRUE
205,Hermine,Traves,htraves5o@creativecommons.org,M05829,1034,NY,171-77-6693,11/11/2021,10/11/2021,10/6/2021,12/13/2021,FALSE
207,Dedie,Yaakov,dyaakov5q@home.pl,,1034,WA,819-27-5466,9/5/2021,8/19/2021,7/14/2021,9/28/2021,TRUE
209,Bill,Huddleston,bhuddleston5s@delicious.com,S72451N,1034,TX,617-17-3548,11/25/2021,9/29/2021,10/24/2021,12/21/2021,TRUE
210,Felipe,McCotter,fmccotter5t@tiny.cc,S42211P,1034,CO,510-35-3165,12/21/2021,10/24/2021,10/28/2021,12/24/2021,FALSE
213,Bendix,Crawforth,,T474X2D,1035,CO,622-85-1494,8/16/2021,7/6/2021,6/23/2021,8/30/2021,FALSE
215,Valencia,Colston,vcolston5y@youtube.com,,1035,OK,112-27-8251,10/18/2021,8/24/2021,8/13/2021,11/16/2021,FALSE
216,Hinze,Dumpleton,hdumpleton5z@livejournal.com,,1035,CA,597-85-7698,10/21/2021,8/29/2021,9/4/2021,12/2/2021,FALSE
222,Moria,Ferraron,mferraron65@nymag.com,,1035,CT,398-15-3492,11/25/2021,10/10/2021,10/22/2021,12/27/2021,TRUE
226,Pennie,Paggitt,ppaggitt69@harvard.edu,,1036,KY,365-46-7370,8/27/2021,1/0/1900,7/30/2021,10/1/2021,TRUE
229,Vinson,Rushforth,vrushforth6c@google.de,,1036,NY,454-16-5057,10/13/2021,9/3/2021,10/10/2021,10/22/2021,FALSE
231,Jeannine,Gonneau,jgonneau6e@tiny.cc,H9480,1036,FL,465-53-1581,10/20/2021,8/3/2021,8/27/2021,11/11/2021,FALSE
238,Catina,Owtram,cowtram6l@sohu.com,S3512XA,1036,KY,578-46-0142,11/9/2021,10/2/2021,8/21/2021,12/20/2021,FALSE
244,Cyndy,Rawcliffe,crawcliffe6r@theatlantic.com,O99814,1037,CA,610-78-2972,10/7/2021,9/20/2021,7/7/2021,10/14/2021,FALSE
246,Toddy,Ratnage,tratnage6t@samsung.com,K8011,1037,TX,233-61-4141,10/7/2021,7/30/2021,8/22/2021,10/13/2021,FALSE
256,Dorthy,Connachan,dconnachan73@chicagotribune.com,,1038,FL,535-23-0692,9/16/2021,6/23/2021,6/19/2021,10/15/2021,FALSE
260,Cordelie,Hartfield,chartfield77@edublogs.org,X011XXS,1038,WA,169-68-5854,8/20/2021,6/25/2021,7/18/2021,9/19/2021,TRUE
262,Sergeant,Pembry,spembry79@arizona.edu,,1038,MI,546-33-6194,10/12/2021,8/14/2021,10/1/2021,11/8/2021,TRUE
265,Alyse,Gergus,agergus7c@yahoo.co.jp,S82853F,1038,KS,194-88-2439,9/22/2021,9/5/2021,7/31/2021,10/22/2021,FALSE
266,Franciskus,Gregine,fgregine7d@chronoengine.com,S22080,1038,TX,158-91-9579,8/25/2021,8/7/2021,5/23/2021,9/22/2021,TRUE
270,Roanne,Lutas,rlutas7h@netvibes.com,S52379N,1038,FL,482-83-2882,11/15/2021,10/30/2021,8/25/2021,12/6/2021,FALSE
273,Webster,Maultby,wmaultby7k@rambler.ru,,1039,,767-14-7756,9/28/2021,7/11/2021,7/29/2021,10/22/2021,
275,Goddard,Edwin,gedwin7m@addthis.com,,1039,FL,725-83-8106,10/2/2021,6/12/2021,7/9/2021,10/7/2021,TRUE
281,Ellwood,Hartill,ehartill7s@hubpages.com,S06379A,1039,DE,143-57-8842,11/7/2021,10/23/2021,8/30/2021,11/29/2021,TRUE
283,Baryram,Rainbird,brainbird7u@earthlink.net,,1039,LA,321-41-3272,10/9/2021,7/31/2021,10/4/2021,10/17/2021,TRUE
284,Cosetta,Lippi,clippi7v@lulu.com,,1039,CA,676-83-1392,9/11/2021,8/19/2021,7/18/2021,10/6/2021,FALSE
286,Remy,Conklin,rconklin7x@ezinearticles.com,J020,1040,NC,461-53-6769,8/27/2021,6/24/2021,8/25/2021,9/19/2021,FALSE
288,Alison,Pescod,apescod7z@51.la,S60329,1040,TX,244-09-9687,9/24/2021,7/17/2021,9/12/2021,10/13/2021,TRUE
289,Gisella,Lorrimer,glorrimer80@netlog.com,S79111P,1040,MO,609-68-6154,8/18/2021,6/26/2021,6/14/2021,9/26/2021,FALSE
290,Thacher,Coskerry,,M25719,1040,OK,389-99-5314,10/23/2021,10/6/2021,10/5/2021,11/17/2021,FALSE
291,Fanchon,Nemchinov,fnemchinov82@twitter.com,S06369,1040,NY,841-95-5329,11/2/2021,7/6/2021,8/10/2021,11/17/2021,TRUE
301,Edd,Huniwall,ehuniwall8c@slideshare.net,T34011S,1041,FL,323-86-2467,8/17/2021,8/11/2021,5/13/2021,8/24/2021,TRUE
303,Consolata,Giovanazzi,cgiovanazzi8e@goo.ne.jp,T444X5S,1041,FL,428-58-0841,9/1/2021,7/8/2021,8/13/2021,10/7/2021,FALSE
308,Donny,Wingeatt,dwingeatt8j@google.es,,1041,FL,639-12-9970,9/23/2021,8/2/2021,8/13/2021,10/17/2021,TRUE
314,Gena,Pyrke,,S02609A,1041,LA,352-81-4123,12/11/2021,11/30/2021,9/27/2021,12/21/2021,TRUE
319,Melany,Gilphillan,,S52322F,1042,IN,363-22-3058,9/4/2021,8/26/2021,7/28/2021,9/20/2021,TRUE
320,Martica,Oakeby,moakeby8v@examiner.com,T184XXD,1042,NV,321-91-0364,10/17/2021,7/2/2021,10/8/2021,10/29/2021,TRUE
321,Layton,Catteroll,,M7542,1042,,407-58-9739,8/13/2021,6/9/2021,1/0/1900,9/10/2021,
322,Halsey,Rigglesford,,H18441,1042,NC,818-87-1068,8/22/2021,5/16/2021,5/24/2021,9/14/2021,FALSE
338,Dino,Heining,dheining9d@opensource.org,S8982XD,1043,FL,444-97-3154,9/10/2021,7/20/2021,7/14/2021,9/28/2021,TRUE
341,Lolly,Bingall,lbingall9g@lulu.com,,1043,IA,145-68-9305,9/21/2021,7/30/2021,6/28/2021,9/30/2021,FALSE
342,Jorry,Cheltnam,jcheltnam9h@friendfeed.com,,1043,TX,693-40-2806,9/14/2021,6/8/2021,9/11/2021,9/30/2021,FALSE
347,Emera,Fitchell,efitchell9m@meetup.com,,1044,IA,655-37-1154,9/13/2021,9/5/2021,7/20/2021,10/2/2021,FALSE
351,Celestyna,Elwill,celwill9q@t.co,S0521XA,1044,CA,581-62-7512,9/25/2021,8/13/2021,8/5/2021,10/12/2021,FALSE
354,Elizabeth,Krishtopaittis,ekrishtopaittis9t@jugem.jp,M8703,1044,CA,562-96-2373,11/8/2021,9/5/2021,8/12/2021,12/1/2021,FALSE
356,Amabelle,Shew,ashew9v@telegraph.co.uk,,1044,VA,670-35-8665,12/17/2021,10/17/2021,1/0/1900,12/26/2021,FALSE
358,Dayna,Asker,,,1044,NM,652-45-5084,11/11/2021,9/26/2021,10/24/2021,12/17/2021,FALSE
362,Inglebert,Gatman,igatmana1@tuttocitta.it,Y907,1045,KS,694-28-4456,10/31/2021,8/16/2021,10/28/2021,11/28/2021,TRUE
367,Terri-jo,Johnys,tjohnysa6@livejournal.com,,1045,AL,840-94-2986,8/24/2021,5/8/2021,7/17/2021,8/31/2021,FALSE
372,Aubrette,Brothers,abrothersab@weather.com,M1A2691,1045,IL,317-69-3222,10/6/2021,9/9/2021,7/5/2021,10/17/2021,FALSE
373,Harmonia,Summerly,hsummerlyac@ning.com,K8532,1045,FL,168-24-9344,10/3/2021,8/2/2021,7/9/2021,10/27/2021,FALSE
376,Hill,Kirkman,,,1046,UT,739-40-1021,11/24/2021,8/10/2021,9/25/2021,12/17/2021,TRUE
377,Collete,Kidner,ckidnerag@homestead.com,S46921,1046,MI,132-74-8248,9/10/2021,5/31/2021,7/2/2021,9/19/2021,FALSE
378,Renee,Freddi,rfreddiah@umn.edu,H10233,1046,DC,448-41-5311,11/17/2021,10/29/2021,11/7/2021,12/6/2021,FALSE
383,Randy,Vlahos,rvlahosam@springer.com,,1046,NY,871-01-3719,11/10/2021,8/31/2021,10/28/2021,11/23/2021,TRUE
384,Nate,Garza,ngarzaan@mac.com,I20,1046,TX,764-24-1236,10/16/2021,6/18/2021,9/24/2021,11/8/2021,TRUE
390,Beck,McAuslan,bmcauslanat@last.fm,,1046,NY,381-86-7545,10/21/2021,9/5/2021,7/15/2021,10/30/2021,TRUE
394,Bart,Lankester,blankesterax@gmpg.org,,1047,NY,232-68-7625,11/7/2021,1/0/1900,11/1/2021,11/29/2021,TRUE
395,Rhody,Howis,rhowisay@ucoz.ru,,1047,NY,769-72-3887,10/22/2021,9/7/2021,9/24/2021,11/12/2021,FALSE
401,Salaidh,Whittles,swhittlesb4@privacy.gov.au,,1047,NV,635-61-0962,11/6/2021,9/12/2021,10/9/2021,11/13/2021,FALSE
402,Marion,Blessed,mblessedb5@intel.com,S75029D,1047,LA,251-84-8804,10/5/2021,6/18/2021,8/9/2021,11/8/2021,FALSE
404,Raymond,Mounfield,rmounfieldb7@imageshack.us,S72456P,1047,CA,132-59-4742,10/26/2021,10/8/2021,10/4/2021,11/14/2021,TRUE
406,Vera,Snowling,,S73003,1048,WA,244-27-3207,11/18/2021,7/21/2021,10/22/2021,12/20/2021,TRUE
408,Alexei,Dresse,adressebb@icio.us,S91341S,1048,FL,813-10-9066,11/10/2021,8/25/2021,8/8/2021,11/15/2021,TRUE
410,Alwyn,Bessell,abessellbd@loc.gov,S7110,1048,AL,803-21-4794,12/23/2021,10/11/2021,11/11/2021,12/27/2021,FALSE
419,Elaina,Greschik,egreschikbm@blogger.com,,1048,IA,155-53-5427,10/30/2021,7/13/2021,9/27/2021,11/18/2021,TRUE
421,Merwyn,Gwyther,mgwytherbo@t-online.de,T4995,1049,CA,136-87-3311,9/9/2021,6/11/2021,7/2/2021,9/15/2021,TRUE
432,Jess,McArtan,jmcartanbz@nature.com,,1049,MA,333-36-9686,10/17/2021,7/23/2021,8/16/2021,11/3/2021,TRUE
435,Levin,Gawthrop,lgawthropc2@t.co,S52272P,1049,FL,276-75-1770,8/25/2021,5/15/2021,7/5/2021,9/27/2021,FALSE
437,Penelopa,Hendonson,phendonsonc4@gov.uk,M0222,1050,NJ,552-76-5260,9/4/2021,6/7/2021,6/12/2021,9/18/2021,FALSE
438,Rollins,Matiewe,rmatiewec5@altervista.org,S68114,1050,AL,606-52-0073,12/10/2021,12/6/2021,10/9/2021,12/17/2021,TRUE
439,Kynthia,Blaschek,,,1050,VA,603-73-4472,11/13/2021,10/1/2021,10/4/2021,12/20/2021,TRUE
444,Eldredge,Rosi,erosicb@csmonitor.com,S62009B,1050,SC,518-46-6391,12/6/2021,9/27/2021,12/3/2021,12/10/2021,TRUE
447,Keefe,MacGiany,kmacgianyce@printfriendly.com,,1050,CA,719-87-3039,10/4/2021,7/27/2021,9/30/2021,10/30/2021,TRUE
451,Iggy,Tinston,itinstonci@google.pl,S301XXA,1051,DC,427-91-1964,9/27/2021,8/9/2021,8/17/2021,10/12/2021,TRUE
453,Tiphany,Swalwel,tswalwelck@addthis.com,,1051,FL,111-01-7624,8/16/2021,7/8/2021,6/6/2021,8/24/2021,FALSE
462,Dwain,Paike,dpaikect@adobe.com,,1051,IN,424-09-7974,11/22/2021,10/3/2021,10/28/2021,12/18/2021,TRUE
463,Emory,Mc Caughen,emccaughencu@last.fm,S83192S,1051,NV,195-56-1182,11/2/2021,9/3/2021,8/16/2021,12/12/2021,FALSE
465,Devon,Arrighetti,darrighetticw@digg.com,T2000XS,1051,NY,292-76-2743,10/3/2021,8/12/2021,8/4/2021,11/2/2021,TRUE
466,Gwenneth,Diche,gdichecx@blogs.com,,1052,TN,133-22-7546,11/4/2021,1/0/1900,8/4/2021,12/3/2021,TRUE
468,Bartolomeo,Barmadier,bbarmadiercz@unc.edu,,1052,MO,502-79-5017,10/8/2021,8/2/2021,7/9/2021,11/1/2021,FALSE
470,Rollin,Wodham,rwodhamd1@phoca.cz,Z02,1052,FL,765-27-9590,9/29/2021,9/24/2021,8/31/2021,10/14/2021,TRUE
474,Melany,Simonetto,msimonettod5@digg.com,E133512,1052,MA,458-10-3797,8/11/2021,6/16/2021,6/1/2021,8/16/2021,TRUE
477,Enid,Tift,etiftd8@diigo.com,S62251D,1052,WV,365-53-4060,10/17/2021,8/19/2021,9/13/2021,10/27/2021,FALSE
479,Harlan,Abramzon,habramzonda@xinhuanet.com,,1052,OR,503-50-8607,11/30/2021,9/28/2021,10/1/2021,12/28/2021,TRUE
490,Kattie,Matfield,kmatfielddl@moonfruit.com,W228,1053,,897-14-8307,8/27/2021,8/18/2021,8/20/2021,9/6/2021,
491,Cristal,MacCauley,cmaccauleydm@tinypic.com,N076,1053,OH,736-48-3229,11/4/2021,9/12/2021,7/30/2021,12/6/2021,FALSE
493,Claudianus,Hucks,chucksdo@storify.com,,1053,WA,792-76-1992,8/16/2021,6/11/2021,7/2/2021,9/5/2021,FALSE
496,Hayes,Eagar,heagardr@deliciousdays.com,,1054,KY,824-14-4358,8/30/2021,4/30/2021,7/11/2021,9/15/2021,TRUE
499,Vinny,Malacrida,vmalacridadu@about.me,,1054,NY,690-56-2901,10/13/2021,7/25/2021,7/31/2021,11/12/2021,FALSE
502,Alejoa,McTeggart,amcteggartdx@yellowpages.com,N302,1054,AL,678-97-7873,11/6/2021,7/17/2021,8/31/2021,11/14/2021,TRUE
508,Silas,Bengtsen,sbengtsene3@vinaora.com,O6022X4,1054,TX,397-07-8699,9/23/2021,8/22/2021,8/25/2021,10/21/2021,FALSE
512,Bancroft,Dakers,bdakerse7@dropbox.com,,1055,TX,683-31-9153,8/29/2021,7/11/2021,5/25/2021,9/23/2021,TRUE
518,Yvor,Caldow,ycaldowed@sciencedaily.com,,1055,FL,305-63-8171,8/15/2021,7/22/2021,6/12/2021,8/30/2021,FALSE
522,Prudy,Bayley,pbayleyeh@sphinn.com,,1055,CA,822-65-8967,9/13/2021,6/4/2021,7/1/2021,9/16/2021,TRUE
527,Rriocard,Rabbe,rrabbeem@msn.com,,1056,DC,328-37-4071,10/31/2021,9/9/2021,8/14/2021,11/7/2021,TRUE
531,Derk,Villar,,,1056,KY,860-59-7367,11/24/2021,8/1/2021,9/11/2021,11/28/2021,TRUE
547,Don,Morman,dmormanf6@altervista.org,M93219,1057,TX,529-98-6751,10/17/2021,8/9/2021,8/23/2021,11/22/2021,TRUE
548,Hakeem,Romushkin,hromushkinf7@sfgate.com,,1057,,510-69-5686,10/26/2021,9/3/2021,8/7/2021,12/7/2021,
549,Caterina,Gabbott,cgabbottf8@ucoz.com,H609,1057,KS,833-06-5883,10/15/2021,9/19/2021,10/12/2021,11/3/2021,FALSE
551,Karola,Horsted,khorstedfa@miibeian.gov.cn,,1057,FL,587-06-5251,11/13/2021,8/27/2021,9/25/2021,11/21/2021,FALSE
552,Lynsey,Suttle,lsuttlefb@sciencedaily.com,V614XXD,1057,MI,381-64-9646,10/21/2021,7/22/2021,10/16/2021,10/31/2021,FALSE
558,Zsa zsa,Fendlen,zfendlenfh@usatoday.com,,1058,PA,262-95-7017,10/10/2021,7/5/2021,7/14/2021,10/14/2021,TRUE
560,Putnem,Janjic,pjanjicfj@theguardian.com,,1058,NY,631-40-7378,9/17/2021,9/3/2021,6/20/2021,10/12/2021,TRUE
564,Massimo,Fenemore,mfenemorefn@comsenz.com,T22199,1058,TX,454-61-4772,12/23/2021,11/15/2021,9/19/2021,12/26/2021,TRUE
565,Aloysia,Scafe,ascafefo@feedburner.com,S59021S,1058,MO,364-47-2025,11/23/2021,8/14/2021,11/5/2021,12/12/2021,FALSE
566,Gardener,Quiddihy,,S62647A,1058,NV,876-98-8448,9/26/2021,6/24/2021,9/5/2021,11/1/2021,FALSE
568,Arlen,Colliber,acolliberfr@drupal.org,S59111P,1058,TX,718-93-5879,11/22/2021,8/27/2021,11/2/2021,12/24/2021,TRUE
569,Amery,Vardy,,D893,1058,FL,193-12-9409,11/8/2021,8/9/2021,8/6/2021,11/23/2021,TRUE
570,Zacherie,Antognetti,zantognettift@nydailynews.com,,1058,NV,620-73-8354,10/20/2021,10/14/2021,10/3/2021,11/25/2021,FALSE
576,Tiebold,La Torre,tlatorrefz@yale.edu,S66127S,1059,WI,142-98-2780,9/2/2021,8/28/2021,6/23/2021,9/13/2021,TRUE
578,Adan,McKniely,amcknielyg1@si.edu,S2522,1059,IL,703-23-7582,9/11/2021,9/11/2021,7/17/2021,10/6/2021,FALSE
580,Artemus,Wedgwood,awedgwoodg3@merriam-webster.com,T43011A,1059,MA,671-46-7329,10/2/2021,7/24/2021,8/31/2021,10/7/2021,FALSE
587,Ermengarde,Muldowney,emuldowneyga@weather.com,V9185,1060,TX,257-04-1002,8/26/2021,6/8/2021,8/1/2021,9/17/2021,TRUE
591,Berget,Bruckmann,bbruckmannge@tiny.cc,,1060,NY,323-09-9488,11/17/2021,8/14/2021,8/12/2021,12/8/2021,TRUE
594,Dean,Ierland,dierlandgh@wunderground.com,T38903D,1060,TX,264-55-0413,10/25/2021,7/11/2021,8/8/2021,11/16/2021,FALSE
598,Randee,Fuge,rfugegl@devhub.com,S9302XS,1060,TX,859-87-5174,10/13/2021,7/29/2021,8/25/2021,11/16/2021,TRUE
603,Rafaelita,Oehm,roehmgq@dropbox.com,,1061,VA,607-43-9364,9/17/2021,7/26/2021,8/13/2021,10/24/2021,FALSE
606,Deni,Lewzey,dlewzeygt@army.mil,T871X,1061,NJ,571-09-6122,11/6/2021,11/5/2021,10/10/2021,11/30/2021,FALSE
608,Godiva,Morrow,gmorrowgv@bloglines.com,S76921S,1061,TX,261-18-0741,11/11/2021,10/27/2021,8/26/2021,11/17/2021,FALSE
610,Rusty,Arderne,rardernegx@aboutads.info,M84621P,1061,TX,851-55-8649,8/16/2021,5/17/2021,5/20/2021,8/31/2021,TRUE
611,Karie,Gillbanks,kgillbanksgy@discovery.com,Y07421,1061,WA,494-38-6785,10/11/2021,7/7/2021,8/8/2021,11/2/2021,TRUE
613,Hank,Riddles,hriddlesh0@furl.net,S92125A,1061,GA,776-15-7156,12/5/2021,9/8/2021,10/6/2021,12/18/2021,FALSE
614,Roman,Goldberg,rgoldbergh1@amazon.co.jp,K613,1061,CA,794-47-6242,9/23/2021,6/17/2021,8/1/2021,10/12/2021,FALSE
616,Isak,Kohnemann,ikohnemannh3@forbes.com,D57812,1062,DC,775-77-3716,9/25/2021,6/30/2021,7/31/2021,10/6/2021,FALSE
618,Georgette,Artin,gartinh5@cdbaby.com,T387,1062,CT,218-88-7867,10/29/2021,8/2/2021,8/20/2021,11/28/2021,FALSE
619,Agnes,Junkin,ajunkinh6@indiatimes.com,S7026,1062,NY,487-43-6292,9/4/2021,7/6/2021,8/3/2021,9/10/2021,FALSE
621,Chloette,McPhillimey,cmcphillimeyh8@imageshack.us,,1062,LA,351-36-6588,11/14/2021,8/26/2021,8/20/2021,12/15/2021,TRUE
622,Lindsey,Feehan,lfeehanh9@nymag.com,S32011A,1062,MI,871-98-4810,10/23/2021,7/1/2021,8/6/2021,10/26/2021,FALSE
626,Kirbee,Feaveer,kfeaveerhd@xinhuanet.com,M11851,1062,MI,195-87-1374,11/12/2021,8/23/2021,11/2/2021,11/21/2021,FALSE
627,Winfield,Morrowe,wmorrowehe@hud.gov,L02413,1062,CA,816-71-6338,9/28/2021,7/13/2021,8/17/2021,10/1/2021,FALSE
628,Elyssa,Najara,enajarahf@so-net.ne.jp,,1062,KY,731-17-7875,10/26/2021,10/9/2021,8/13/2021,12/2/2021,TRUE
631,Brittany,Ullrich,,S53105A,1063,,282-38-0417,9/26/2021,9/24/2021,8/9/2021,10/14/2021,
632,Cher,Delacroix,cdelacroixhj@google.com.br,S72035E,1063,CA,758-38-1939,9/24/2021,7/4/2021,8/29/2021,10/6/2021,TRUE
639,Jilleen,Knottley,jknottleyhq@istockphoto.com,V652XXD,1063,MN,694-92-0489,12/18/2021,11/16/2021,12/11/2021,12/26/2021,TRUE
641,Jeanne,Lanning,jlanninghs@ted.com,S548X9D,1063,AL,604-35-8086,12/13/2021,9/17/2021,9/7/2021,12/30/2021,TRUE
644,Jourdain,Wescott,jwescotthv@unesco.org,T63434S,1063,IL,898-93-9932,10/29/2021,10/21/2021,10/19/2021,11/14/2021,FALSE
646,Kaitlin,Bum,kbumhx@ftc.gov,,1064,KS,246-58-9879,10/16/2021,10/9/2021,8/19/2021,10/28/2021,TRUE
651,Elijah,Annand,eannandi2@rambler.ru,,1064,FL,470-10-9717,12/13/2021,9/15/2021,9/27/2021,12/25/2021,TRUE
654,Adriana,Logan,alogani5@mail.ru,,1064,MO,509-95-5966,9/16/2021,7/11/2021,6/11/2021,10/5/2021,FALSE
656,Germain,Bracegirdle,,F1924,1064,CO,854-58-0657,9/14/2021,5/31/2021,7/11/2021,10/5/2021,FALSE
658,Towny,Deener,tdeeneri9@nsw.gov.au,M62022,1064,IN,412-33-1330,9/27/2021,7/5/2021,7/4/2021,10/18/2021,FALSE
660,Oriana,De Biasi,odebiasiib@dion.ne.jp,,1064,,770-06-9848,9/8/2021,5/12/2021,7/27/2021,9/14/2021,
662,Noelle,Schorah,nschorahid@blogger.com,S72126S,1065,,541-39-8948,8/15/2021,7/14/2021,7/9/2021,8/20/2021,
664,Marina,Orgill,morgillif@godaddy.com,I82412,1065,TX,568-37-5926,10/7/2021,10/4/2021,9/6/2021,10/25/2021,TRUE
666,Marcello,Casson,mcassonih@marriott.com,,1065,IL,170-30-7947,11/27/2021,8/31/2021,9/16/2021,12/18/2021,FALSE
673,Dannie,Course,dcourseio@house.gov,,1065,TX,589-32-8543,9/30/2021,7/10/2021,7/10/2021,10/12/2021,TRUE
680,Haywood,Longstreeth,hlongstreethiv@live.com,Q8789,1066,KS,468-97-7693,8/12/2021,4/23/2021,7/13/2021,8/29/2021,FALSE
681,Bathsheba,MacAndie,bmacandieiw@dailymotion.com,S70911,1066,IL,653-50-7361,8/30/2021,5/18/2021,7/18/2021,9/29/2021,TRUE
682,Donni,Hubbucke,,,1066,MI,455-39-2570,11/29/2021,8/24/2021,11/25/2021,12/24/2021,FALSE
685,Uriel,Pawelek,upawelekj0@icio.us,D55,1066,CA,823-77-1395,9/27/2021,7/30/2021,7/26/2021,10/29/2021,TRUE
686,Carlin,Jerschke,cjerschkej1@google.cn,M022,1066,TX,629-21-2743,11/21/2021,9/18/2021,11/15/2021,12/3/2021,FALSE
692,Cesare,Algy,calgyj7@gov.uk,,1067,AL,484-66-2420,12/11/2021,9/20/2021,9/8/2021,12/30/2021,TRUE
694,Desirae,Bennellick,,S59132S,1067,TX,335-99-7726,10/13/2021,8/4/2021,8/21/2021,10/17/2021,TRUE
695,Sara,Farrand,sfarrandja@artisteer.com,E103212,1067,TX,135-18-4790,8/24/2021,5/4/2021,5/25/2021,9/5/2021,TRUE
697,Woodrow,Wimmers,wwimmersjc@ca.gov,M3503,1067,,614-34-5231,8/12/2021,7/21/2021,5/14/2021,8/21/2021,
700,Gabriellia,Vero,gverojf@privacy.gov.au,S59212G,1067,VA,507-65-8902,11/4/2021,8/27/2021,8/5/2021,12/6/2021,FALSE
701,Etti,Dabbs,edabbsjg@intel.com,,1067,MA,413-69-9918,11/27/2021,9/14/2021,9/13/2021,12/23/2021,FALSE
705,Dorena,Broggetti,dbroggettijk@columbia.edu,N461,1067,GA,249-17-6708,10/10/2021,7/27/2021,8/9/2021,11/12/2021,FALSE
707,Mirelle,Domegan,mdomeganjm@wikipedia.org,,1068,NC,344-89-3724,11/5/2021,9/1/2021,10/25/2021,12/15/2021,FALSE
713,Urbano,Hearnah,uhearnahjs@i2i.jp,I82403,1068,TX,417-89-4660,10/19/2021,9/6/2021,10/10/2021,11/10/2021,FALSE
715,Oliy,Eyres,oeyresju@weibo.com,,1068,CO,681-13-7484,8/24/2021,6/23/2021,8/8/2021,9/11/2021,FALSE
716,Cynde,Vanichev,,,1068,MA,681-10-3329,10/9/2021,8/31/2021,9/14/2021,11/4/2021,TRUE
718,Vail,Rebanks,vrebanksjx@google.fr,,1068,NM,837-49-6116,12/8/2021,8/8/2021,11/5/2021,12/20/2021,FALSE
720,Jerrold,Zarb,jzarbjz@utexas.edu,H348390,1068,NC,247-13-5846,9/12/2021,8/13/2021,8/2/2021,9/20/2021,TRUE
724,Leigh,Jedras,ljedrask3@t.co,,1069,CA,359-86-4945,8/29/2021,6/4/2021,7/10/2021,9/25/2021,FALSE
728,Gillian,Boulder,gboulderk7@webmd.com,C471,1069,DC,288-64-0026,11/4/2021,8/28/2021,10/10/2021,12/13/2021,FALSE
733,Lilli,Heynen,lheynenkc@blogspot.com,S5210,1069,CO,647-91-0952,9/28/2021,6/10/2021,7/21/2021,10/27/2021,TRUE
739,Max,Marcroft,mmarcroftki@wunderground.com,M6005,1070,CA,843-47-0752,8/15/2021,7/22/2021,6/20/2021,9/7/2021,TRUE
741,Cordi,Deabill,cdeabillkk@yahoo.com,E755,1070,TN,491-12-5587,12/13/2021,9/30/2021,10/6/2021,12/26/2021,FALSE
744,Cherey,Dickings,cdickingskn@google.fr,N46022,1070,IL,644-09-0901,10/5/2021,6/22/2021,8/15/2021,10/21/2021,TRUE
748,Calley,Beernaert,cbeernaertkr@cmu.edu,,1070,PA,608-79-6927,11/10/2021,7/18/2021,10/6/2021,11/28/2021,FALSE
749,Brent,Simmonds,bsimmondsks@cbslocal.com,,1070,OH,492-38-8942,11/16/2021,7/17/2021,11/3/2021,12/13/2021,TRUE
750,Saxon,Rudge,srudgekt@smugmug.com,M85429,1070,OH,529-99-6343,11/24/2021,11/15/2021,11/23/2021,12/23/2021,TRUE
754,Vicky,Cristofari,vcristofarikx@unicef.org,T22259A,1071,FL,134-30-6618,8/28/2021,5/2/2021,6/21/2021,9/10/2021,TRUE
759,Yance,Metheringham,ymetheringhaml2@toplist.cz,H7300,1071,HI,324-38-0793,9/6/2021,6/8/2021,6/16/2021,9/22/2021,FALSE
765,Licha,Etter,,S31804A,1071,AZ,393-54-5662,9/24/2021,8/20/2021,9/7/2021,10/3/2021,TRUE
766,Freddi,Ranby,,T3460XS,1072,AZ,383-93-7901,8/13/2021,6/30/2021,6/27/2021,9/8/2021,TRUE
768,Sheridan,Gerber,sgerberlb@storify.com,S82032N,1072,MN,438-98-3215,9/21/2021,8/23/2021,8/19/2021,9/29/2021,TRUE
771,Jordan,MacMenemy,jmacmenemyle@mapy.cz,C218,1072,NE,582-15-9870,10/11/2021,6/24/2021,7/7/2021,11/4/2021,TRUE
775,Shae,Spain,,E103523,1072,CT,626-18-2755,11/29/2021,8/8/2021,11/7/2021,12/26/2021,TRUE
776,Lucille,Aleavy,,,1072,IN,693-93-2563,11/25/2021,10/26/2021,9/22/2021,12/20/2021,FALSE
777,Ermin,Fransoni,efransonilk@go.com,,1072,CA,314-38-9639,10/21/2021,9/25/2021,9/19/2021,10/27/2021,TRUE
778,Constantine,Massinger,,,1072,OK,145-29-5958,10/21/2021,9/7/2021,10/16/2021,11/20/2021,FALSE
779,Ian,Ainslie,iainslielm@free.fr,H59349,1072,FL,422-54-2234,10/24/2021,9/27/2021,9/2/2021,12/2/2021,TRUE
781,Tulley,Jerratsch,tjerratschlo@icio.us,,1073,FL,760-53-4409,9/4/2021,5/31/2021,8/18/2021,9/18/2021,TRUE
783,Hedvige,Rawlingson,hrawlingsonlq@cloudflare.com,,1073,NC,536-16-4167,10/14/2021,7/15/2021,8/23/2021,11/10/2021,FALSE
785,Orlan,Beller,obellerls@earthlink.net,,1073,CO,805-74-1857,8/28/2021,5/17/2021,7/14/2021,9/6/2021,FALSE
788,Filberto,Cranke,fcrankelv@arstechnica.com,S31050,1073,,434-53-5367,9/20/2021,9/14/2021,7/15/2021,10/9/2021,
793,Boony,Mouatt,bmouattm0@sourceforge.net,S62320G,1073,AZ,128-76-6040,10/30/2021,9/1/2021,9/10/2021,11/20/2021,TRUE
798,Ellswerth,Seeman,eseemanm5@networkadvertising.org,R609,1074,TN,583-30-5110,10/7/2021,6/26/2021,8/31/2021,11/1/2021,FALSE
805,Basil,Campo,bcampomc@dell.com,,1074,TX,423-76-0554,9/23/2021,7/18/2021,9/8/2021,10/16/2021,FALSE
809,Reba,Kluge,rklugemg@domainmarket.com,O000,1074,NY,492-05-4041,11/13/2021,10/8/2021,11/2/2021,12/6/2021,FALSE
810,Christye,Acors,cacorsmh@va.gov,T24539D,1074,TX,884-50-3429,11/17/2021,8/12/2021,9/29/2021,12/22/2021,TRUE
811,Luther,Gerler,lgerlermi@usnews.com,L88,1075,TX,750-19-0186,10/24/2021,9/11/2021,9/7/2021,11/12/2021,TRUE
815,Virge,Werrett,vwerrettmm@zdnet.com,,1075,CA,661-87-4105,10/31/2021,9/8/2021,8/25/2021,11/14/2021,TRUE
819,Vittoria,Stinton,,,1075,TN,530-68-9557,11/21/2021,9/12/2021,10/6/2021,11/27/2021,TRUE
823,Lexy,Le Fevre,llefevremu@tiny.cc,,1075,PA,576-13-1450,9/20/2021,6/20/2021,6/16/2021,10/13/2021,FALSE
827,Bethany,Tynewell,,Y38811D,1076,TX,184-87-0821,10/17/2021,9/9/2021,10/16/2021,11/11/2021,TRUE
831,Sharron,Pirrey,spirreyn2@liveinternet.ru,S30201S,1076,NC,468-25-3799,11/1/2021,8/5/2021,9/28/2021,11/27/2021,FALSE
832,Bay,Elliff,belliffn3@github.io,,1076,NY,163-63-1045,9/20/2021,8/1/2021,1/0/1900,10/21/2021,TRUE
841,Pamella,Jansky,pjanskync@soup.io,,1077,,899-95-7872,10/29/2021,8/28/2021,9/20/2021,11/7/2021,
844,Alicia,Goldine,,V782XXS,1077,FL,200-31-4693,11/4/2021,10/15/2021,9/16/2021,11/27/2021,TRUE
845,Merrile,Presdie,mpresdieng@shareasale.com,S92241D,1077,,445-43-8588,11/13/2021,9/6/2021,8/12/2021,12/10/2021,
847,Rafaello,Verdie,rverdieni@princeton.edu,S12300B,1077,NV,621-95-4622,9/12/2021,5/23/2021,6/16/2021,10/11/2021,TRUE
848,Genevra,Jillis,gjillisnj@etsy.com,S61307A,1077,OK,688-28-1558,10/5/2021,9/1/2021,9/21/2021,11/9/2021,TRUE
857,Amity,Hewins,ahewinsns@cdc.gov,S82115E,1078,TX,589-28-4901,8/25/2021,5/5/2021,5/23/2021,10/6/2021,TRUE
860,Nat,Sayer,nsayernv@yandex.ru,S82251D,1078,TX,156-58-0057,9/21/2021,5/22/2021,9/8/2021,10/3/2021,FALSE
861,Charlene,Oultram,coultramnw@google.co.jp,S4291,1078,NC,732-31-0888,9/6/2021,7/31/2021,6/29/2021,10/3/2021,FALSE
862,Jeane,Bubb,jbubbnx@t-online.de,,1078,WI,426-93-5328,9/6/2021,7/5/2021,8/25/2021,9/23/2021,FALSE
866,Chaim,Elia,,H1582,1078,TX,704-12-3482,12/7/2021,10/6/2021,11/30/2021,12/22/2021,TRUE
869,Benjamin,Chad,bchado4@unesco.org,W6199XS,1078,NY,751-08-6960,10/27/2021,8/21/2021,7/21/2021,11/21/2021,TRUE
870,Georgina,Greatbatch,ggreatbatcho5@usgs.gov,T25521D,1078,GA,463-59-0311,9/22/2021,8/22/2021,7/12/2021,9/29/2021,FALSE
871,Kendal,Readshaw,kreadshawo6@youku.com,S72436R,1079,LA,268-71-0967,10/17/2021,9/11/2021,9/13/2021,11/14/2021,FALSE
873,Caroljean,Jirsa,cjirsao8@hatena.ne.jp,,1079,NC,460-17-5192,9/18/2021,7/6/2021,9/8/2021,10/24/2021,TRUE
876,Burg,Gillingham,bgillinghamob@t.co,O4301,1079,VA,479-83-7334,12/6/2021,11/13/2021,9/17/2021,12/16/2021,FALSE
877,Clareta,Fetteplace,cfetteplaceoc@newsvine.com,,1079,MO,115-83-0686,9/18/2021,6/12/2021,8/26/2021,9/25/2021,FALSE
878,Hyacinthia,Pedrol,hpedrolod@alibaba.com,S82114R,1079,LA,384-22-3200,11/23/2021,11/17/2021,9/14/2021,12/11/2021,TRUE
880,Harry,MacNeilly,hmacneillyof@storify.com,W378XXA,1079,WI,752-71-4632,10/10/2021,8/26/2021,9/7/2021,10/13/2021,FALSE
881,Aleksandr,Pellman,apellmanog@fotki.com,D3615,1079,TX,843-98-5000,12/3/2021,8/8/2021,10/9/2021,12/14/2021,FALSE
882,Perkin,Gresswood,pgresswoodoh@jimdo.com,S79821S,1079,VA,169-14-0190,8/26/2021,5/10/2021,5/21/2021,9/7/2021,TRUE
883,Denice,Kinkaid,dkinkaidoi@buzzfeed.com,T23251S,1079,WA,159-71-9909,8/28/2021,7/18/2021,6/27/2021,9/5/2021,TRUE
885,Ingra,Fonquernie,ifonquernieok@uol.com.br,S60032D,1079,NY,429-80-6887,9/5/2021,6/10/2021,8/19/2021,9/14/2021,FALSE
888,Bern,Howieson,bhowiesonon@wufoo.com,,1080,FL,785-20-1622,10/12/2021,6/13/2021,9/30/2021,10/18/2021,TRUE
890,Lynelle,Luety,,,1080,MI,774-55-3502,11/14/2021,9/18/2021,10/13/2021,12/14/2021,FALSE
891,Celestyn,Swayte,cswayteoq@booking.com,,1080,CA,340-73-4822,8/11/2021,7/6/2021,5/25/2021,9/19/2021,FALSE
895,Jourdain,Francescozzi,jfrancescozziou@w3.org,Q5182,1080,KS,140-38-1091,9/30/2021,7/29/2021,9/23/2021,10/22/2021,FALSE
899,Mendel,Frickey,,V828XXD,1080,TN,364-04-0395,10/16/2021,7/26/2021,9/21/2021,11/15/2021,FALSE
902,Wood,Valois,wvaloisp1@salon.com,S14147,1081,,882-69-5392,11/6/2021,8/24/2021,10/29/2021,12/1/2021,
903,Eddie,Benian,ebenianp2@blogs.com,S53131A,1081,TN,409-05-5977,9/13/2021,6/17/2021,6/20/2021,10/17/2021,TRUE
907,Gayel,Sawer,gsawerp6@163.com,,1081,CT,776-96-8204,11/16/2021,9/13/2021,11/14/2021,11/29/2021,TRUE
910,Lauryn,Girogetti,lgirogettip9@un.org,T602X3D,1081,KS,846-61-5090,11/4/2021,8/22/2021,8/7/2021,11/28/2021,FALSE
911,Carroll,Malden,cmaldenpa@merriam-webster.com,,1081,DE,606-22-9327,9/24/2021,6/26/2021,7/10/2021,10/19/2021,TRUE
913,Tressa,Matusson,tmatussonpc@sun.com,T24739,1081,IL,287-45-7832,8/26/2021,8/25/2021,8/21/2021,9/3/2021,FALSE
914,Britta,Fockes,bfockespd@vkontakte.ru,D749,1081,DC,826-25-9810,11/23/2021,8/9/2021,10/10/2021,12/19/2021,TRUE
916,Emlen,Saddler,esaddlerpf@sciencedaily.com,V00892D,1082,OK,128-26-2175,10/9/2021,7/26/2021,7/6/2021,10/28/2021,FALSE
920,Genia,Heinzel,gheinzelpj@yahoo.com,S37591D,1082,LA,311-26-7126,11/14/2021,9/6/2021,9/28/2021,11/27/2021,TRUE
922,Chalmers,Thake,cthakepl@aol.com,S82243H,1082,VA,703-23-8428,11/20/2021,9/13/2021,10/3/2021,11/24/2021,FALSE
926,Christye,Sauter,csauterpp@redcross.org,,1082,TN,845-57-5879,9/6/2021,8/26/2021,6/6/2021,9/9/2021,FALSE
927,Nancy,O'Carrol,nocarrolpq@paypal.com,,1082,FL,648-65-9501,8/30/2021,5/17/2021,8/19/2021,9/4/2021,FALSE
930,Sarena,Gallear,,,1082,WA,301-44-9977,9/23/2021,8/2/2021,8/30/2021,10/6/2021,FALSE
931,Valerye,Minet,vminetpu@a8.net,S45391S,1083,TX,497-86-4838,9/25/2021,7/11/2021,7/21/2021,10/26/2021,TRUE
934,Levon,Dussy,ldussypx@canalblog.com,Z6852,1083,FL,211-47-1474,11/26/2021,9/11/2021,11/8/2021,12/31/2021,FALSE
935,Jill,Eddington,jeddingtonpy@census.gov,L02811,1083,,327-55-7813,11/23/2021,10/3/2021,9/2/2021,12/27/2021,
936,Mellicent,Strotton,mstrottonpz@github.com,,1083,MO,805-85-7722,8/24/2021,5/9/2021,7/7/2021,10/3/2021,TRUE
937,Essy,Gellibrand,egellibrandq0@wired.com,T85112,1083,MA,609-17-0707,11/13/2021,8/19/2021,9/15/2021,12/8/2021,FALSE
940,Lynelle,Hightown,lhightownq3@histats.com,,1083,ND,211-63-7498,11/15/2021,7/27/2021,8/25/2021,12/3/2021,FALSE
941,Mendy,Logsdale,mlogsdaleq4@issuu.com,S1512,1083,CA,555-10-1986,11/9/2021,10/5/2021,9/21/2021,11/13/2021,FALSE
949,Vivien,Unthank,,,1084,AL,714-54-9503,11/25/2021,8/27/2021,11/11/2021,12/28/2021,FALSE
950,Adolph,Brolechan,abrolechanqd@t.co,V702,1084,KS,251-51-8478,10/13/2021,7/8/2021,10/9/2021,11/22/2021,FALSE
951,Anni,Hay,ahayqe@symantec.com,S63614A,1084,NC,154-73-4654,11/19/2021,9/1/2021,10/26/2021,12/3/2021,FALSE
955,Marcello,Learned,mlearnedqi@behance.net,,1084,IL,879-99-0008,10/6/2021,9/2/2021,8/29/2021,11/7/2021,TRUE
956,Quill,Duffield,qduffieldqj@plala.or.jp,,1084,TX,427-61-1621,8/18/2021,5/24/2021,6/9/2021,9/7/2021,TRUE
957,Tasha,Gomersal,tgomersalqk@berkeley.edu,S91125D,1084,WI,443-78-7863,9/28/2021,7/19/2021,7/9/2021,11/6/2021,TRUE
959,Sherlock,Ramsell,sramsellqm@com.com,,1084,WA,628-74-2886,8/28/2021,7/2/2021,6/10/2021,9/18/2021,FALSE
964,Alon,O'Fallowne,aofallowneqr@theatlantic.com,S62174G,1085,TX,124-06-6055,9/2/2021,6/21/2021,8/4/2021,9/30/2021,FALSE
967,Drew,Vincent,dvincentqu@mysql.com,S42312G,1085,TX,612-47-2268,11/28/2021,8/31/2021,10/29/2021,12/12/2021,TRUE
970,Alika,Simonnet,asimonnetqx@biblegateway.com,S92061D,1085,GA,199-42-2138,9/4/2021,6/7/2021,7/31/2021,9/12/2021,TRUE
971,Aymer,Attenborrow,aattenborrowqy@technorati.com,S72435M,1085,DC,488-11-5286,11/28/2021,10/31/2021,11/19/2021,12/25/2021,FALSE
975,Issy,Whitter,iwhitterr2@sourceforge.net,Z1832,1085,CA,336-01-0536,8/21/2021,5/20/2021,7/5/2021,9/1/2021,TRUE
976,Coriss,Gobel,cgobelr3@google.de,Z72821,1086,SC,421-04-3731,8/16/2021,5/27/2021,6/4/2021,9/4/2021,FALSE
981,Giacopo,Shoebrook,gshoebrookr8@digg.com,,1086,CA,678-82-1053,8/24/2021,7/20/2021,7/5/2021,9/21/2021,FALSE
983,Cynthea,Eckly,cecklyra@gizmodo.com,T835,1086,OK,672-59-1748,11/25/2021,9/12/2021,9/21/2021,12/2/2021,TRUE
986,Keriann,Camilletti,kcamillettird@google.fr,T8509XS,1086,UT,464-13-2411,11/9/2021,7/12/2021,8/11/2021,11/18/2021,TRUE
988,Mahalia,Stoppe,mstopperf@furl.net,,1086,TN,884-20-5608,11/23/2021,9/20/2021,11/19/2021,12/17/2021,FALSE
991,Nataniel,Sowersby,nsowersbyri@moonfruit.com,,1087,AL,533-53-4188,9/12/2021,8/5/2021,8/5/2021,10/21/2021,TRUE
997,Martelle,Nuton,mnutonro@narod.ru,,1087,NC,192-48-3387,9/22/2021,7/6/2021,7/8/2021,10/27/2021,FALSE
998,Culver,Todman,ctodmanrp@skype.com,S42421B,1087,IN,872-98-9691,9/8/2021,8/1/2021,6/27/2021,10/18/2021,FALSE
999,Justen,Greatrakes,jgreatrakesrq@discovery.com,S72052Q,1087,LA,335-43-2020,8/16/2021,8/8/2021,6/3/2021,9/20/2021,FALSE
,,,,,,,,,,,,
,,,,,,,,,,,,
,,,,,,,,,,,,
,,,,,,,,,,,,
,,,,,,,,,,,,
,,,,,,,,,,,,
,,,,,,,,,,,,
,,,,,,,,,,,,
,,,,,,,,,,,,
,,,,,,,,,,,,
,,,,,,,,,,,,
,,,,,,,,,,,,
,,,,,,,,,,,,
,,,,,,,,,,,,
,,,,,,,,,,,,
,,,,,,,,,,,,
,,,,,,,,,,,,
,,,,,,,,,,,,
,,,,,,,,,,,,
,,,,,,,,,,,,
,,,,,,,,,,,,
,,,,,,,,,,,,
,,,,,,,,,,,,
,,,,,,,,,,,,
,,,,,,,,,,,,
,,,,,,,,,,,,
,,,,,,,,,,,,
,,,,,,,,,,,,
,,,,,,,,,,,,
,,,,,,,,,,,,
,,,,,,,,,,,,
,,,,,,,,,,,,
,,,,,,,,,,,,
,,,,,,,,,,,,
,,,,,,,,,,,,
,,,,,,,,,,,,
,,,,,,,,,,,,
,,,,,,,,,,,,
,,,,,,,,,,,,
,,,,,,,,,,,,
,,,,,,,,,,,,
,,,,,,,,,,,,
,,,,,,,,,,,,
,,,,,,,,,,,,
,,,,,,,,,,,,
,,,,,,,,,,,,
,,,,,,,,,,,,
,,,,,,,,,,,,
,,,,,,,,,,,,
,,,,,,,,,,,,
,,,,,,,,,,,,
,,,,,,,,,,,,
,,,,,,,,,,,,
,,,,,,,,,,,,
,,,,,,,,,,,,
,,,,,,,,,,,,
,,,,,,,,,,,,
,,,,,,,,,,,,
,,,,,,,,,,,,
,,,,,,,,,,,,
