id,first_name,last_name,email,icd10,plan_id,state,ssn,visit_date,callcenter_contact,web_app_start,survey_date,active
2,Carson,Magister,cmagister1@nature.com,S82843,1021,FL,617-79-7818,4/23/2022,3/28/2022,3/29/2022,5/13/2022,FALSE
3,Eyde,Manicom,emanicom2@admin.ch,,1021,NY,598-77-5655,7/9/2022,6/24/2022,5/14/2022,8/5/2022,TRUE
4,Henderson,Tichelaar,htichelaar3@flickr.com,,1021,TX,229-51-1714,8/1/2022,7/19/2022,5/30/2022,9/8/2022,FALSE
6,Ryann,Wildsmith,rwildsmith5@opera.com,,1021,DC,879-31-6340,4/14/2022,12/31/2021,3/2/2022,5/23/2022,TRUE
9,Archibaldo,Cornfoot,acornfoot8@tripadvisor.com,M86039,1021,TX,408-16-3280,7/10/2022,4/5/2022,1/0/1900,8/4/2022,FALSE
10,Phyllys,Ravilus,pravilus9@drupal.org,S49041P,1021,OK,361-55-5127,7/24/2022,6/17/2022,7/23/2022,8/16/2022,FALSE
11,Lynne,Cannicott,lcannicotta@etsy.com,S1201XB,1021,LA,294-37-9959,2/4/2022,12/23/2021,1/4/2022,2/24/2022,TRUE
12,Ame,Halshaw,ahalshawb@wordpress.org,I6622,1021,TX,622-70-9617,3/30/2022,2/19/2022,12/30/2021,4/29/2022,TRUE
13,Jennie,Tawn,jtawnc@yolasite.com,S9491XS,1021,FL,728-26-2640,12/28/2021,11/6/2021,12/5/2021,1/20/2022,TRUE
15,Layney,Sime,lsimee@opensource.org,Y37390S,1021,TX,782-30-4877,5/30/2022,2/10/2022,3/6/2022,6/7/2022,FALSE
16,Hilde,De la Yglesia,,,1022,LA,258-02-8646,3/9/2022,12/21/2021,12/10/2021,4/12/2022,TRUE
17,Kellen,Bone,kboneg@omniture.com,,1022,FL,367-92-8820,2/13/2022,12/16/2021,1/6/2022,3/17/2022,TRUE
20,Matty,Jaquiss,mjaquissj@nymag.com,V619XXA,1022,CO,142-83-6763,12/18/2021,9/30/2021,11/21/2021,1/1/2022,TRUE
21,Alexandro,Braybrook,abraybrookk@w3.org,T81539,1022,MT,201-42-4232,5/18/2022,2/1/2022,5/3/2022,6/9/2022,TRUE
22,Drud,Summerly,dsummerlyl@e-recht24.de,C8512,1022,,367-36-8394,4/7/2022,2/18/2022,1/1/2022,4/14/2022,
23,Gabie,Millom,gmillomm@ed.gov,O3623X2,1022,LA,550-32-5226,1/16/2022,10/17/2021,10/14/2021,2/18/2022,TRUE
25,Renato,Price,rpriceo@imdb.com,,1022,KY,423-17-8939,3/12/2022,11/18/2021,1/2/2022,4/6/2022,TRUE
27,Franzen,Filip,ffilipq@constantcontact.com,S42102S,1022,UT,166-96-9335,7/19/2022,4/2/2022,5/8/2022,8/16/2022,TRUE
29,Emmi,Moorwood,emoorwoods@ucsd.edu,,1022,NV,186-17-9283,5/31/2022,4/12/2022,4/14/2022,7/7/2022,FALSE
30,Tonye,Umbert,tumbertt@jigsy.com,,1022,FL,307-76-2150,6/25/2022,6/25/2022,4/14/2022,8/5/2022,TRUE
31,Rosemaria,Glazier,rglazieru@imgur.com,,1023,NM,629-73-4066,2/1/2022,12/4/2021,1/6/2022,2/23/2022,FALSE
32,Beryle,McGrudder,bmcgrudderv@facebook.com,M80842D,1023,FL,668-68-7022,7/8/2022,5/1/2022,1/0/1900,7/14/2022,FALSE
34,Guilbert,Ovington,govingtonx@shareasale.com,W57XXXA,1023,IA,780-32-9103,1/30/2022,1/0/1900,11/7/2021,2/5/2022,FALSE
35,Van,Wondraschek,vwondrascheky@hc360.com,Z140,1023,AZ,646-61-8369,2/25/2022,1/11/2022,11/26/2021,3/2/2022,FALSE
37,Sylvan,Gethyn,sgethyn10@yahoo.co.jp,R55,1023,TN,565-32-8264,6/17/2022,5/21/2022,5/22/2022,7/1/2022,TRUE
38,Francis,Ivetts,fivetts11@yelp.com,V8631XD,1023,CA,827-52-2819,12/22/2021,12/1/2021,11/17/2021,1/21/2022,TRUE
39,Bob,Swalough,bswalough12@ft.com,S79911A,1023,NV,829-38-7797,5/6/2022,3/4/2022,2/21/2022,6/4/2022,TRUE
40,Gery,Fencott,gfencott13@dailymotion.com,M1A359,1023,NY,577-85-7262,2/28/2022,11/22/2021,11/24/2021,3/16/2022,TRUE
41,Dollie,McFarlane,dmcfarlane14@pagesperso-orange.fr,S41151A,1023,WA,286-36-1349,2/7/2022,10/28/2021,1/30/2022,2/10/2022,TRUE
42,Millie,Nodes,mnodes15@cbc.ca,,1023,FL,524-86-2035,4/19/2022,4/16/2022,1/0/1900,4/26/2022,TRUE
43,Elfrieda,Jeynes,,K915,1023,AL,894-50-0887,6/20/2022,3/25/2022,5/13/2022,6/28/2022,TRUE
45,Donelle,Robjohns,drobjohns18@odnoklassniki.ru,,1023,IL,872-31-2119,5/20/2022,5/16/2022,5/15/2022,5/27/2022,TRUE
48,Sydel,Beat,sbeat1b@creativecommons.org,Y040XXD,1024,CA,856-44-1167,12/13/2021,9/18/2021,9/29/2021,1/8/2022,FALSE
49,Lockwood,Wreak,lwreak1c@altervista.org,M85451,1024,MN,327-14-3210,12/20/2021,10/30/2021,11/25/2021,1/1/2022,TRUE
50,Phoebe,Sefton,psefton1d@tamu.edu,M24445,1024,CA,754-22-9713,2/14/2022,11/9/2021,1/11/2022,2/27/2022,TRUE
51,Megen,Zeplin,mzeplin1e@unblog.fr,S61337A,1024,TX,481-45-2010,4/24/2022,1/22/2022,2/19/2022,4/29/2022,TRUE
53,Lilla,Charlton,lcharlton1g@admin.ch,S72112E,1024,DC,441-04-5710,3/27/2022,11/30/2021,1/19/2022,4/17/2022,FALSE
55,Jon,Taree,jtaree1i@etsy.com,S61214,1024,OH,274-33-9526,6/23/2022,5/17/2022,3/23/2022,7/13/2022,FALSE
56,Dani,Blitzer,dblitzer1j@cisco.com,,1024,NY,138-44-4097,8/3/2022,7/13/2022,6/22/2022,8/6/2022,FALSE
58,Aline,Suerz,asuerz1l@xing.com,S92312K,1024,LA,708-54-2741,3/27/2022,12/19/2021,3/6/2022,4/12/2022,FALSE
60,Wolf,Critchard,wcritchard1n@house.gov,,1024,FL,344-73-7605,8/1/2022,7/29/2022,7/23/2022,8/15/2022,TRUE
63,Melvyn,Huggin,mhuggin1q@weather.com,S52226K,1025,TX,714-47-5768,3/18/2022,1/6/2022,1/25/2022,4/22/2022,TRUE
64,Haze,Clouston,hclouston1r@chronoengine.com,Q6433,1025,TX,329-38-6266,5/18/2022,4/15/2022,2/19/2022,6/2/2022,FALSE
65,Willie,McRill,wmcrill1s@ebay.com,,1025,CO,777-94-8350,3/22/2022,12/10/2021,3/18/2022,4/20/2022,TRUE
66,Worden,Dondon,wdondon1t@statcounter.com,S98222S,1025,NJ,439-10-2737,5/24/2022,4/13/2022,4/28/2022,6/23/2022,FALSE
67,Noelle,Jewson,njewson1u@lulu.com,S67196D,1025,NJ,513-63-1724,5/8/2022,3/4/2022,4/8/2022,6/10/2022,TRUE
68,Hanan,Musk,,T79A21D,1025,FL,646-50-0598,3/8/2022,3/6/2022,12/25/2021,3/11/2022,FALSE
69,Halimeda,Scholig,hscholig1w@vkontakte.ru,S0530,1025,NV,376-86-2782,3/10/2022,2/13/2022,1/18/2022,3/26/2022,FALSE
71,Ciel,Motton,cmotton1y@uol.com.br,I8270,1025,NE,215-30-7611,7/25/2022,7/12/2022,7/4/2022,8/7/2022,FALSE
72,Fleurette,Boffin,fboffin1z@google.com.hk,T50B91A,1025,NY,443-26-5584,6/11/2022,2/15/2022,4/6/2022,7/8/2022,TRUE
74,Marven,O'Shevlan,moshevlan21@discovery.com,,1025,IN,829-36-4630,1/14/2022,1/7/2022,12/21/2021,1/29/2022,FALSE
76,Zea,Doiley,zdoiley23@google.co.jp,V00142A,1026,NC,658-68-7240,4/30/2022,2/20/2022,4/27/2022,5/20/2022,TRUE
78,Mord,Leindecker,mleindecker25@gizmodo.com,,1026,CA,386-49-8101,4/10/2022,4/5/2022,4/7/2022,4/23/2022,TRUE
81,Philip,Tomasello,ptomasello28@google.fr,T474X5A,1026,NY,504-67-5235,1/27/2022,1/3/2022,12/17/2021,2/5/2022,TRUE
82,Ula,Brummitt,ubrummitt29@youtube.com,T655X1D,1026,,821-56-8343,12/8/2021,8/9/2021,10/14/2021,1/8/2022,
83,Thacher,Vlasenkov,tvlasenkov2a@flavors.me,W341,1026,FL,227-11-6668,2/4/2022,10/15/2021,1/19/2022,2/9/2022,FALSE
84,Kathryn,Droghan,kdroghan2b@bravesites.com,,1026,LA,419-46-9080,3/12/2022,1/22/2022,2/21/2022,3/27/2022,TRUE
85,Sinclair,Rape,srape2c@friendfeed.com,,1026,TX,774-68-1582,8/4/2022,5/7/2022,7/25/2022,8/11/2022,FALSE
88,Chadd,Zuppa,czuppa2f@typepad.com,,1026,IA,681-84-5755,1/31/2022,12/20/2021,1/0/1900,2/4/2022,FALSE
93,Antonius,Cornhill,acornhill2k@independent.co.uk,,1027,MO,576-42-3855,1/24/2022,12/28/2021,12/2/2021,2/22/2022,TRUE
94,Lincoln,Tolmie,ltolmie2l@toplist.cz,S6732XS,1027,CA,387-07-4769,5/25/2022,3/11/2022,3/11/2022,6/19/2022,FALSE
96,Winona,Motten,wmotten2n@harvard.edu,T23029S,1027,IN,594-17-9976,3/9/2022,2/4/2022,1/24/2022,3/28/2022,TRUE
99,Wendi,Huntly,whuntly2q@umich.edu,,1027,AL,630-43-9026,12/8/2021,1/0/1900,11/13/2021,1/15/2022,TRUE
101,Riordan,Camin,,,1027,NC,276-52-9487,6/20/2022,4/22/2022,1/0/1900,7/8/2022,FALSE
104,Kayley,Skiplorne,kskiplorne2v@rakuten.co.jp,T441X4,1027,OR,121-86-0325,5/28/2022,4/21/2022,3/20/2022,6/17/2022,TRUE
106,Derk,Kitteringham,dkitteringham2x@so-net.ne.jp,M24559,1028,FL,574-60-6902,2/11/2022,1/20/2022,11/18/2021,2/26/2022,TRUE
108,Corabelle,Lamberteschi,clamberteschi2z@weather.com,S32391B,1028,MO,681-10-4739,6/21/2022,5/3/2022,6/8/2022,6/27/2022,FALSE
109,Ariadne,McGeraghty,amcgeraghty30@washington.edu,O3660X9,1028,CO,219-05-3086,7/1/2022,3/8/2022,5/17/2022,7/20/2022,FALSE
111,Nevin,Gledhall,ngledhall32@pbs.org,,1028,CA,816-02-4338,5/18/2022,1/21/2022,2/16/2022,6/3/2022,TRUE
112,Nicol,Addison,naddison33@bravesites.com,Q7223,1028,OK,596-25-6785,5/5/2022,2/4/2022,2/17/2022,5/19/2022,FALSE
116,Karina,Ferrant,kferrant37@engadget.com,T83722A,1028,LA,270-56-4750,5/14/2022,5/11/2022,5/7/2022,5/19/2022,FALSE
117,Sayres,Maypowder,smaypowder38@livejournal.com,S85102S,1028,AR,758-59-6282,5/8/2022,3/16/2022,3/3/2022,5/11/2022,TRUE
118,Jeremy,Boyfield,jboyfield39@canalblog.com,,1028,FL,269-67-2632,6/23/2022,3/1/2022,3/31/2022,7/29/2022,FALSE
119,Corny,Trebble,ctrebble3a@csmonitor.com,V0601,1028,LA,480-93-4505,8/6/2022,4/18/2022,6/16/2022,9/6/2022,TRUE
120,Ayn,Vaudin,avaudin3b@nydailynews.com,,1028,VA,458-97-4608,2/18/2022,12/10/2021,2/12/2022,3/24/2022,FALSE
121,Marion,Cressor,mcressor3c@qq.com,S66112S,1029,OH,191-85-7677,1/2/2022,9/10/2021,11/28/2021,1/8/2022,TRUE
123,Helen-elizabeth,Bullion,hbullion3e@google.cn,S61329S,1029,,884-22-5625,8/4/2022,6/30/2022,7/5/2022,8/26/2022,
128,Shirlee,Boydle,sboydle3j@meetup.com,S0911XD,1029,IN,723-31-2834,6/23/2022,4/4/2022,3/22/2022,7/23/2022,TRUE
129,Orelee,Durston,odurston3k@yellowbook.com,S82241Q,1029,NY,777-27-7605,7/2/2022,4/26/2022,1/0/1900,7/24/2022,TRUE
130,Nikkie,Sparkwell,nsparkwell3l@constantcontact.com,T83411S,1029,MA,437-79-1394,12/25/2021,10/21/2021,11/21/2021,1/15/2022,TRUE
132,Roxine,Leeson,rleeson3n@altervista.org,S52362Q,1029,OH,882-76-4347,4/15/2022,4/10/2022,2/19/2022,5/23/2022,FALSE
133,Parker,Bestar,pbestar3o@google.de,S63142,1029,DC,640-19-7713,5/27/2022,4/3/2022,2/18/2022,6/17/2022,FALSE
139,Cally,Boodle,cboodle3u@prnewswire.com,S52264P,1030,DC,676-64-0363,3/24/2022,3/5/2022,12/19/2021,4/26/2022,TRUE
140,Angele,Brusin,abrusin3v@vinaora.com,T84210,1030,CA,723-46-6777,3/24/2022,1/16/2022,1/1/2022,4/22/2022,FALSE
141,Janeta,How to preserve,jhowtopreserve3w@businessweek.com,S99232A,1030,NV,795-59-7077,8/7/2022,7/11/2022,5/4/2022,9/14/2022,TRUE
145,Flossi,Bilovsky,fbilovsky40@baidu.com,Z6834,1030,PA,159-12-0976,1/14/2022,1/11/2022,11/16/2021,2/1/2022,TRUE
148,Davon,Jeffry,djeffry43@surveymonkey.com,,1030,VA,154-06-9843,6/18/2022,4/23/2022,5/9/2022,7/25/2022,FALSE
151,Omar,Giblin,ogiblin46@irs.gov,S72136N,1031,MI,106-82-7710,2/8/2022,1/8/2022,12/31/2021,3/15/2022,FALSE
152,Orran,Melloy,omelloy47@fema.gov,Y36540D,1031,NC,538-37-3669,7/7/2022,5/18/2022,4/29/2022,7/18/2022,TRUE
153,Blondelle,Foulger,bfoulger48@sbwire.com,T85695D,1031,MD,880-20-5072,7/21/2022,7/2/2022,5/2/2022,8/15/2022,FALSE
155,Irvine,Doore,idoore4a@topsy.com,K74,1031,FL,407-47-5248,4/8/2022,1/0/1900,3/18/2022,5/11/2022,TRUE
156,Trey,Ovill,tovill4b@epa.gov,V9314,1031,OK,221-89-2382,6/15/2022,3/13/2022,5/19/2022,7/13/2022,FALSE
158,Putnam,Gladwin,pgladwin4d@sfgate.com,,1031,GA,710-70-8656,3/5/2022,2/23/2022,1/27/2022,4/5/2022,TRUE
161,Barry,Gurdon,bgurdon4g@forbes.com,,1031,CA,897-92-3049,7/13/2022,6/5/2022,5/6/2022,7/16/2022,FALSE
162,Ebony,Myderscough,emyderscough4h@ca.gov,Z592,1031,TX,870-84-2023,12/19/2021,10/12/2021,10/2/2021,1/25/2022,FALSE
163,Bettine,Gilder,bgilder4i@tmall.com,T63421A,1031,TX,118-06-6272,1/9/2022,11/16/2021,12/27/2021,2/15/2022,TRUE
165,Penrod,Mantrup,,,1031,WA,175-34-3942,12/30/2021,9/5/2021,12/22/2021,2/10/2022,FALSE
167,Denni,Scranedge,dscranedge4m@mozilla.org,O80,1032,CA,196-50-1060,7/20/2022,7/5/2022,5/27/2022,8/16/2022,FALSE
168,Erminie,Benz,ebenz4n@hc360.com,T542X2S,1032,IA,599-07-9905,3/24/2022,3/1/2022,1/11/2022,5/4/2022,TRUE
169,Jeni,Kilgannon,jkilgannon4o@cisco.com,S72132,1032,LA,587-44-1097,4/27/2022,12/31/2021,4/22/2022,5/20/2022,FALSE
170,Horacio,Ismead,,,1032,GA,535-28-1858,8/6/2022,7/9/2022,5/19/2022,8/20/2022,FALSE
171,Gill,Jeaneau,gjeaneau4q@intel.com,S21232S,1032,FL,581-71-2322,2/19/2022,11/30/2021,12/24/2021,3/30/2022,TRUE
172,Merilyn,Witherow,mwitherow4r@indiatimes.com,,1032,TX,191-67-0279,1/24/2022,10/17/2021,12/15/2021,2/21/2022,TRUE
174,Pattin,Connolly,,,1032,CA,199-39-7041,6/28/2022,6/4/2022,4/25/2022,7/12/2022,TRUE
175,Roch,Bartlosz,rbartlosz4u@baidu.com,S85159,1032,,729-15-7021,8/10/2022,4/13/2022,7/20/2022,8/29/2022,
178,Maury,Marrill,mmarrill4x@ehow.com,,1032,MO,544-45-8218,3/19/2022,1/1/2022,2/4/2022,3/27/2022,TRUE
180,Barris,Pavia,bpavia4z@amazon.de,Q180,1032,MA,715-89-3117,4/8/2022,12/14/2021,1/12/2022,5/18/2022,FALSE
181,Irena,Dilloway,idilloway50@mozilla.org,S6390XA,1033,CA,340-37-7108,4/16/2022,1/30/2022,3/25/2022,5/17/2022,TRUE
182,Violet,Luther,vluther51@prweb.com,,1033,LA,186-05-0004,7/31/2022,4/5/2022,7/20/2022,8/19/2022,FALSE
183,Elysee,O'Donoghue,eodonoghue52@yahoo.co.jp,S92243,1033,CA,476-88-2838,3/1/2022,1/17/2022,1/22/2022,3/4/2022,TRUE
184,Hartwell,Macklam,hmacklam53@tmall.com,T24602A,1033,WV,103-35-6509,8/3/2022,5/9/2022,5/21/2022,9/13/2022,FALSE
185,Wynnie,Stonman,wstonman54@tiny.cc,L03011,1033,NY,276-96-9009,12/17/2021,11/29/2021,9/19/2021,1/16/2022,TRUE
186,Lonnie,Delion,ldelion55@sourceforge.net,,1033,GA,112-49-9789,1/24/2022,10/10/2021,10/26/2021,2/24/2022,TRUE
187,Farly,Newport,fnewport56@apache.org,,1033,OH,278-88-8595,2/14/2022,1/4/2022,12/17/2021,2/17/2022,TRUE
188,Sayre,McEvay,smcevay57@uiuc.edu,S62242S,1033,CO,835-33-7272,5/1/2022,1/27/2022,3/13/2022,6/8/2022,TRUE
189,Marilee,Lasseter,,S72451K,1033,CO,597-32-8491,7/20/2022,7/7/2022,6/14/2022,8/6/2022,TRUE
190,Brig,Middas,bmiddas59@google.fr,,1033,FL,205-43-2655,8/7/2022,6/8/2022,6/27/2022,8/24/2022,FALSE
191,Abbe,Blaszczak,ablaszczak5a@over-blog.com,,1033,TX,344-13-5359,6/28/2022,6/18/2022,5/30/2022,8/5/2022,FALSE
192,Nico,Sarvar,nsarvar5b@constantcontact.com,Q673,1033,IN,546-64-8567,4/22/2022,2/3/2022,3/15/2022,4/28/2022,TRUE
193,Yoko,Havick,yhavick5c@thetimes.co.uk,P769,1033,NV,347-31-1109,1/18/2022,11/9/2021,1/12/2022,2/14/2022,FALSE
196,Fritz,Barthorpe,fbarthorpe5f@vinaora.com,A360,1034,OH,202-69-7570,3/11/2022,12/5/2021,3/6/2022,4/2/2022,TRUE
197,Virginia,Rickasse,vrickasse5g@so-net.ne.jp,T24101D,1034,FL,180-08-9919,12/14/2021,12/6/2021,9/24/2021,1/16/2022,TRUE
201,Modesty,Dimnage,mdimnage5k@i2i.jp,M4802,1034,IA,618-05-3879,4/27/2022,1/5/2022,4/8/2022,5/20/2022,TRUE
202,Jada,Machel,jmachel5l@spiegel.de,,1034,CA,857-66-7083,2/21/2022,1/8/2022,2/3/2022,3/18/2022,FALSE
203,Chrysa,Stranger,cstranger5m@thetimes.co.uk,S32492G,1034,CA,415-95-9895,5/1/2022,2/19/2022,4/17/2022,5/23/2022,TRUE
204,Damara,Pickance,dpickance5n@tumblr.com,S63401S,1034,UT,175-20-3571,5/15/2022,1/26/2022,5/7/2022,6/15/2022,FALSE
206,Arvy,Strewther,astrewther5p@sciencedirect.com,,1034,LA,184-80-8549,5/12/2022,4/13/2022,2/9/2022,5/27/2022,FALSE
208,Lyda,Sweetzer,,M02039,1034,NC,337-91-3234,2/27/2022,12/5/2021,2/21/2022,4/1/2022,FALSE
211,Alain,Thirtle,athirtle5u@nationalgeographic.com,,1035,IL,205-14-5093,5/15/2022,4/28/2022,5/13/2022,5/20/2022,TRUE
212,Brian,Manuaud,bmanuaud5v@army.mil,T43225D,1035,TX,668-46-1199,6/24/2022,3/24/2022,3/22/2022,7/20/2022,TRUE
214,Lorry,Brodway,lbrodway5x@shop-pro.jp,,1035,UT,636-73-5147,8/5/2022,4/12/2022,8/3/2022,8/21/2022,TRUE
217,Raymond,Ceschelli,rceschelli60@sogou.com,,1035,DC,632-33-6236,2/21/2022,2/4/2022,1/26/2022,3/5/2022,FALSE
218,Edita,Orth,eorth61@tuttocitta.it,,1035,,260-40-7785,12/15/2021,10/22/2021,10/5/2021,1/16/2022,
219,Pail,Jessopp,pjessopp62@skyrock.com,T2143XD,1035,AL,553-14-3189,6/13/2022,2/14/2022,5/20/2022,7/9/2022,FALSE
220,Antonie,Gobel,agobel63@rambler.ru,S12110K,1035,TX,326-87-6102,7/29/2022,7/14/2022,5/30/2022,8/24/2022,FALSE
221,Kipper,Fulbrook,kfulbrook64@auda.org.au,,1035,IL,896-02-7814,2/14/2022,1/31/2022,11/24/2021,3/21/2022,FALSE
223,Raviv,Slixby,rslixby66@oaic.gov.au,M80872S,1035,WI,172-59-3458,7/4/2022,3/29/2022,6/7/2022,7/29/2022,TRUE
224,Skylar,Lunck,slunck67@nature.com,,1035,KS,303-18-5344,3/7/2022,11/30/2021,1/27/2022,4/3/2022,TRUE
225,Marjie,Rother,mrother68@nationalgeographic.com,,1035,NC,660-71-9831,6/6/2022,3/5/2022,5/26/2022,6/16/2022,FALSE
227,Wanda,Easter,weaster6a@bandcamp.com,,1036,KY,583-04-5417,2/6/2022,11/29/2021,12/21/2021,3/2/2022,TRUE
228,Karmen,Dawson,kdawson6b@reverbnation.com,,1036,AR,410-68-4020,1/30/2022,10/26/2021,1/7/2022,2/19/2022,FALSE
230,Theresa,Stonnell,tstonnell6d@hatena.ne.jp,S50879,1036,VA,574-46-0186,2/16/2022,1/22/2022,12/28/2021,3/2/2022,TRUE
232,Nye,Pettersen,npettersen6f@meetup.com,W861,1036,MO,596-35-4169,1/4/2022,9/15/2021,10/17/2021,1/27/2022,TRUE
233,Etienne,Hobgen,ehobgen6g@webmd.com,M19229,1036,OH,813-62-5533,12/31/2021,9/16/2021,11/9/2021,1/16/2022,TRUE
234,Gino,Jurisic,gjurisic6h@dailymail.co.uk,S3091,1036,SC,813-76-2322,2/24/2022,2/2/2022,2/4/2022,3/4/2022,FALSE
235,Marijn,Alflat,malflat6i@patch.com,,1036,TX,269-35-8119,2/13/2022,2/12/2022,1/25/2022,3/26/2022,FALSE
236,Orelia,De Vaan,odevaan6j@de.vu,M2572,1036,WV,559-03-3859,8/7/2022,7/11/2022,6/8/2022,9/4/2022,TRUE
237,Rycca,Durkin,rdurkin6k@reuters.com,,1036,VA,877-77-1241,4/21/2022,4/21/2022,4/19/2022,5/26/2022,TRUE
239,Cherry,Midson,cmidson6m@sphinn.com,O988,1036,AK,766-07-2462,1/11/2022,10/30/2021,10/14/2021,2/4/2022,FALSE
240,Tildi,Demangeon,tdemangeon6n@csmonitor.com,,1036,IN,833-14-9070,5/17/2022,5/16/2022,5/1/2022,6/10/2022,TRUE
241,Rickey,Erbe,rerbe6o@wunderground.com,V532,1037,TX,138-33-2788,1/5/2022,10/19/2021,11/6/2021,2/15/2022,FALSE
242,Bianca,Kynston,bkynston6p@booking.com,O99519,1037,CA,830-41-3887,2/9/2022,10/11/2021,12/6/2021,3/18/2022,FALSE
243,Adi,Roelofsen,aroelofsen6q@java.com,M84319S,1037,FL,853-61-4951,1/3/2022,11/27/2021,11/30/2021,2/8/2022,TRUE
245,Vanni,Reisin,vreisin6s@uiuc.edu,M14612,1037,GA,161-49-6201,6/23/2022,5/24/2022,6/7/2022,7/29/2022,FALSE
247,Olva,Turfrey,oturfrey6u@1688.com,S52023E,1037,IL,874-92-0675,4/3/2022,1/29/2022,1/0/1900,5/6/2022,TRUE
248,Eda,McConville,emcconville6v@yelp.com,S21102D,1037,NC,577-80-7945,4/21/2022,1/12/2022,2/20/2022,5/23/2022,TRUE
249,Guendolen,Drivers,gdrivers6w@sitemeter.com,T367X5D,1037,CO,234-24-4842,2/28/2022,12/12/2021,1/3/2022,3/20/2022,FALSE
250,Saraann,Parbrook,sparbrook6x@prlog.org,S443,1037,LA,268-56-3186,7/9/2022,4/12/2022,4/6/2022,8/11/2022,FALSE
251,Barth,Davidovitz,bdavidovitz6y@weebly.com,,1037,NC,293-55-3225,6/14/2022,2/13/2022,5/10/2022,7/18/2022,FALSE
252,Cassandra,Nathon,cnathon6z@newsvine.com,T84398D,1037,TX,472-38-7729,3/11/2022,1/19/2022,1/1/2022,3/28/2022,FALSE
253,Ciro,Duplain,cduplain70@youku.com,S95209,1037,TX,785-53-2473,12/28/2021,12/13/2021,10/9/2021,1/5/2022,FALSE
254,Alissa,Barts,abarts71@elegantthemes.com,,1037,ID,646-81-8223,12/14/2021,8/14/2021,11/3/2021,1/7/2022,FALSE
255,Ambrosi,Alliband,aalliband72@sitemeter.com,V9529,1037,MN,333-37-2154,3/1/2022,12/31/2021,2/2/2022,3/29/2022,FALSE
257,Zabrina,Hallifax,zhallifax74@intel.com,,1038,TX,146-82-1730,3/7/2022,1/26/2022,2/8/2022,3/22/2022,TRUE
258,Cherie,Firpo,cfirpo75@blogger.com,S62641K,1038,CA,283-31-3568,3/3/2022,12/31/2021,12/17/2021,3/9/2022,TRUE
259,Nicola,MacDonogh,nmacdonogh76@flavors.me,F15182,1038,SC,843-87-9372,4/21/2022,1/0/1900,4/4/2022,5/27/2022,FALSE
261,Theo,Earingey,tearingey78@tripadvisor.com,,1038,NJ,354-32-3288,12/17/2021,10/27/2021,10/26/2021,1/22/2022,TRUE
263,Jarrad,Moakes,jmoakes7a@google.ru,S1180XS,1038,DC,520-54-5646,3/16/2022,1/20/2022,12/13/2021,4/24/2022,TRUE
264,Tades,Dimnage,tdimnage7b@epa.gov,,1038,TX,639-08-4224,6/4/2022,3/20/2022,3/31/2022,7/9/2022,TRUE
267,Papagena,Foux,pfoux7e@4shared.com,,1038,GA,457-72-8592,4/9/2022,12/8/2021,3/19/2022,5/5/2022,TRUE
268,Jenifer,Bonnick,jbonnick7f@pcworld.com,S59239S,1038,UT,827-72-6838,12/18/2021,10/19/2021,11/15/2021,1/4/2022,TRUE
269,Elia,Gemeau,egemeau7g@ameblo.jp,T378X2,1038,KY,484-91-0960,7/15/2022,4/25/2022,6/21/2022,7/26/2022,TRUE
271,Hermie,Kelleher,hkelleher7i@chronoengine.com,,1039,CA,726-42-9020,4/19/2022,1/22/2022,1/22/2022,5/15/2022,TRUE
272,Benson,Peat,bpeat7j@dagondesign.com,,1039,CO,718-44-6707,2/19/2022,12/15/2021,12/26/2021,3/17/2022,FALSE
274,Brittan,Moodey,bmoodey7l@irs.gov,T161,1039,FL,835-45-4818,5/9/2022,2/27/2022,2/22/2022,6/5/2022,FALSE
276,Britney,Crossgrove,bcrossgrove7n@jalbum.net,S52221N,1039,UT,484-78-9066,5/21/2022,2/21/2022,4/25/2022,6/7/2022,FALSE
277,Emilia,Mish,emish7o@dyndns.org,,1039,MD,346-09-0924,12/26/2021,10/25/2021,12/24/2021,1/21/2022,FALSE
278,Reena,Rubinsaft,rrubinsaft7p@imdb.com,M80822G,1039,PA,560-67-7398,6/23/2022,4/13/2022,4/4/2022,7/11/2022,TRUE
279,Darrelle,McElwee,dmcelwee7q@weebly.com,,1039,MD,452-12-6018,2/9/2022,11/7/2021,11/25/2021,3/11/2022,FALSE
280,Vicky,Quilleash,vquilleash7r@mac.com,E113559,1039,MA,644-74-8249,7/28/2022,6/18/2022,5/10/2022,8/15/2022,TRUE
282,Othella,Luciani,oluciani7t@mozilla.com,T508X3A,1039,CO,854-72-9411,2/24/2022,1/15/2022,1/20/2022,3/14/2022,TRUE
285,Jude,Strond,,,1039,FL,473-01-9968,8/6/2022,5/29/2022,6/15/2022,8/12/2022,FALSE
287,Pietrek,Schimann,pschimann7y@apple.com,O239,1040,CA,724-14-4727,1/6/2022,9/23/2021,1/5/2022,1/20/2022,FALSE
292,Jason,Mapam,jmapam83@miitbeian.gov.cn,X960XXD,1040,NV,151-20-3110,6/13/2022,2/11/2022,4/22/2022,7/1/2022,FALSE
293,Hobey,Bailes,hbailes84@theglobeandmail.com,,1040,TX,618-99-1891,12/31/2021,9/28/2021,10/8/2021,1/24/2022,TRUE
294,Philip,Bernardo,,S66011A,1040,NC,897-19-3161,3/17/2022,12/26/2021,2/1/2022,3/25/2022,FALSE
295,Riordan,Cainey,rcainey86@virginia.edu,M0893,1040,CA,814-12-6839,1/11/2022,1/10/2022,11/28/2021,2/19/2022,FALSE
296,Perren,Batchelder,pbatchelder87@hud.gov,S82035C,1040,MS,282-45-3615,2/23/2022,11/16/2021,1/29/2022,2/28/2022,TRUE
297,Dulce,Elener,delener88@nasa.gov,,1040,TX,675-07-6847,1/13/2022,11/9/2021,1/10/2022,2/19/2022,FALSE
298,Nanete,Winslett,nwinslett89@hostgator.com,G43919,1040,AK,511-79-9471,2/8/2022,12/26/2021,11/12/2021,3/8/2022,FALSE
299,Johann,Demoge,jdemoge8a@privacy.gov.au,,1040,FL,436-86-6507,12/23/2021,12/6/2021,10/27/2021,1/11/2022,FALSE
300,Danni,Bagnell,dbagnell8b@vinaora.com,,1040,VA,896-73-2670,1/1/2022,12/22/2021,9/28/2021,1/17/2022,TRUE
302,Elmore,Trevaskis,etrevaskis8d@xrea.com,S50319D,1041,OK,250-75-4536,6/21/2022,6/15/2022,5/11/2022,6/25/2022,FALSE
304,Ralf,Castiello,rcastiello8f@wordpress.org,T63422A,1041,IA,663-60-2568,8/5/2022,7/14/2022,6/5/2022,9/4/2022,FALSE
305,Illa,Lambdean,ilambdean8g@usgs.gov,S61531D,1041,FL,585-27-4294,6/12/2022,5/29/2022,4/19/2022,7/23/2022,TRUE
306,Roobbie,Dixie,rdixie8h@weibo.com,V715XXS,1041,CA,735-83-9002,4/2/2022,1/27/2022,3/5/2022,4/27/2022,FALSE
307,Julita,Hemmingway,jhemmingway8i@unicef.org,S42354,1041,NY,218-27-7930,7/9/2022,3/16/2022,4/27/2022,8/1/2022,FALSE
309,Bernelle,Dudgeon,bdudgeon8k@example.com,S53115,1041,OH,709-12-0606,5/13/2022,3/19/2022,4/13/2022,6/17/2022,FALSE
310,Elizabeth,Barthot,ebarthot8l@xing.com,,1041,,623-59-7347,4/13/2022,4/5/2022,4/7/2022,5/7/2022,
311,Cal,Pagon,cpagon8m@loc.gov,N700,1041,OH,351-14-0175,6/10/2022,5/24/2022,5/8/2022,7/17/2022,TRUE
312,Agustin,Brine,abrine8n@elegantthemes.com,S92325D,1041,FL,744-15-4893,6/25/2022,5/25/2022,6/7/2022,7/4/2022,TRUE
313,Inglebert,Esome,iesome8o@gizmodo.com,M1009,1041,MO,282-87-5685,6/22/2022,5/14/2022,5/19/2022,6/28/2022,FALSE
315,Vinni,Asty,vasty8q@loc.gov,S52333J,1041,KY,773-63-8457,4/19/2022,4/11/2022,1/20/2022,4/30/2022,TRUE
316,Roz,Rowlinson,rrowlinson8r@mapy.cz,N19,1042,OK,838-52-7561,4/17/2022,4/15/2022,4/9/2022,5/7/2022,FALSE
317,Pia,Bagster,pbagster8s@slate.com,S37813,1042,PA,881-36-7891,12/14/2021,11/10/2021,10/25/2021,1/24/2022,FALSE
318,Marga,Grimston,mgrimston8t@istockphoto.com,M4635,1042,OH,602-10-6098,1/29/2022,1/14/2022,12/22/2021,3/9/2022,TRUE
323,Alla,Sanham,asanham8y@wikipedia.org,,1042,MA,650-85-6743,7/2/2022,6/18/2022,6/8/2022,7/13/2022,TRUE
324,Ty,Orrick,torrick8z@hubpages.com,,1042,AL,102-11-8636,1/5/2022,10/29/2021,1/4/2022,1/23/2022,TRUE
325,Lotte,Titcomb,ltitcomb90@desdev.cn,,1042,TX,537-31-3803,8/6/2022,4/8/2022,8/6/2022,9/11/2022,FALSE
326,Thornton,Moulds,tmoulds91@springer.com,T23199S,1042,OK,491-76-3192,5/19/2022,5/5/2022,2/20/2022,5/29/2022,TRUE
327,Melany,Maliphant,mmaliphant92@blog.com,,1042,IA,367-07-9143,1/12/2022,12/28/2021,11/10/2021,2/21/2022,FALSE
328,Arin,Gethyn,agethyn93@weather.com,S90936,1042,AL,720-75-0292,5/12/2022,4/10/2022,2/12/2022,6/1/2022,TRUE
329,Enoch,Durrett,edurrett94@seattletimes.com,S66919,1042,TX,694-05-7454,6/3/2022,2/25/2022,3/11/2022,7/3/2022,FALSE
330,Hernando,Rigden,hrigden95@unicef.org,,1042,CO,141-54-7043,12/24/2021,11/7/2021,10/28/2021,1/15/2022,TRUE
331,Arleta,Burchall,aburchall96@abc.net.au,,1043,AR,254-50-2745,12/25/2021,1/0/1900,11/28/2021,1/1/2022,TRUE
332,Sergio,Ledram,sledram97@phpbb.com,L279,1043,CA,519-77-7188,1/6/2022,9/20/2021,12/18/2021,1/10/2022,FALSE
333,Sergeant,Tomek,stomek98@theguardian.com,S62603B,1043,CA,731-56-4290,7/14/2022,4/8/2022,6/15/2022,7/29/2022,TRUE
334,Romola,Hague,rhague99@apache.org,,1043,PA,210-67-0817,2/21/2022,10/30/2021,12/16/2021,4/3/2022,FALSE
335,Beverley,Matthis,bmatthis9a@cocolog-nifty.com,S92309S,1043,TX,139-15-8518,5/30/2022,4/27/2022,4/18/2022,6/3/2022,TRUE
336,Candra,Dan,cdan9b@hud.gov,S12150B,1043,CA,513-79-5281,2/19/2022,2/7/2022,12/9/2021,3/19/2022,FALSE
337,Ruthy,Laytham,rlaytham9c@scientificamerican.com,V0591,1043,UT,594-64-1861,1/3/2022,10/7/2021,10/2/2021,2/1/2022,FALSE
339,Katie,Dalton,kdalton9e@hubpages.com,,1043,NH,233-78-6844,12/14/2021,8/31/2021,10/10/2021,1/6/2022,FALSE
340,Alvina,Thake,athake9f@elegantthemes.com,T83111D,1043,WI,297-60-6424,5/7/2022,2/10/2022,2/19/2022,6/10/2022,FALSE
343,Andriana,Satteford,asatteford9i@hugedomains.com,M152,1043,LA,157-69-2473,7/15/2022,5/11/2022,4/25/2022,8/18/2022,TRUE
344,Freddie,Lorincz,florincz9j@nyu.edu,G514,1043,AR,343-93-4666,6/16/2022,5/31/2022,6/2/2022,7/23/2022,TRUE
345,Samantha,Abate,,,1043,GA,475-68-1337,2/21/2022,2/13/2022,1/12/2022,3/24/2022,FALSE
346,Keefer,MacQuist,kmacquist9l@forbes.com,,1044,FL,743-26-4735,3/15/2022,11/16/2021,1/22/2022,3/27/2022,FALSE
348,Lenci,Gilley,,I8249,1044,NY,150-62-4860,4/8/2022,4/8/2022,3/9/2022,4/27/2022,FALSE
349,Tyne,Corps,tcorps9o@joomla.org,,1044,NY,265-19-8498,3/8/2022,2/25/2022,1/29/2022,4/15/2022,TRUE
350,Genovera,Matczak,gmatczak9p@last.fm,,1044,MA,106-18-5485,5/29/2022,2/18/2022,5/27/2022,6/1/2022,TRUE
352,Maisey,Franciskiewicz,mfranciskiewicz9r@themeforest.net,M61512,1044,CA,110-29-7304,8/6/2022,6/15/2022,5/6/2022,8/31/2022,TRUE
353,Allyson,Greenough,agreenough9s@umn.edu,,1044,MN,767-05-7988,1/10/2022,9/22/2021,10/29/2021,1/14/2022,TRUE
355,Carleen,Pozzo,cpozzo9u@yahoo.co.jp,,1044,DC,496-32-7973,7/17/2022,7/5/2022,5/5/2022,8/6/2022,TRUE
357,Camey,Gwinn,cgwinn9w@yellowbook.com,A7741,1044,CT,155-59-6690,7/5/2022,4/24/2022,5/13/2022,7/8/2022,TRUE
359,Joceline,Ungerechts,jungerechts9y@surveymonkey.com,,1044,CT,375-34-6696,6/15/2022,6/11/2022,5/31/2022,7/25/2022,TRUE
360,Saunderson,De Blasio,sdeblasio9z@hatena.ne.jp,S55192S,1044,WA,487-90-0121,12/6/2021,11/24/2021,1/0/1900,1/12/2022,FALSE
361,Juliana,Brayley,jbrayleya0@technorati.com,M8086,1045,KY,844-80-8057,3/29/2022,1/11/2022,12/29/2021,5/4/2022,FALSE
363,Mia,Goldup,mgoldupa2@phoca.cz,M4858XD,1045,LA,671-05-1743,7/16/2022,6/12/2022,5/18/2022,7/20/2022,TRUE
364,Fowler,Bradneck,fbradnecka3@friendfeed.com,S48119,1045,CA,286-84-5534,5/18/2022,5/8/2022,3/13/2022,6/14/2022,FALSE
365,Bear,Blackway,bblackwaya4@unicef.org,,1045,MN,413-62-5700,3/22/2022,2/18/2022,1/13/2022,4/7/2022,TRUE
366,Francis,O'Heaney,foheaneya5@clickbank.net,M24469,1045,AZ,731-83-4237,1/4/2022,1/2/2022,12/18/2021,1/31/2022,TRUE
368,Kathryn,Shearer,kshearera7@army.mil,,1045,MO,174-34-3951,8/3/2022,4/29/2022,8/1/2022,8/25/2022,FALSE
369,Jobie,Jelphs,jjelphsa8@miitbeian.gov.cn,Q782,1045,AZ,105-22-7105,6/11/2022,5/29/2022,6/5/2022,7/14/2022,TRUE
370,Dame,Howgate,dhowgatea9@bravesites.com,C111,1045,DC,805-34-7885,8/7/2022,5/3/2022,1/0/1900,8/29/2022,FALSE
371,Koo,Sturror,ksturroraa@blogtalkradio.com,W6152XS,1045,WA,172-06-0936,5/6/2022,3/4/2022,1/29/2022,6/13/2022,TRUE
374,Thorstein,Conklin,tconklinad@printfriendly.com,Y08,1045,VA,658-87-1287,6/4/2022,4/13/2022,4/5/2022,6/29/2022,FALSE
375,Elberta,Padgham,epadghamae@dion.ne.jp,,1045,KS,797-19-9157,5/21/2022,3/5/2022,4/13/2022,6/19/2022,FALSE
379,Vidovik,Ripon,,S82852A,1046,CO,420-76-5802,3/7/2022,3/5/2022,1/8/2022,3/31/2022,FALSE
380,Kira,McVitty,kmcvittyaj@nsw.gov.au,T85320D,1046,KS,856-97-6178,7/17/2022,4/24/2022,5/11/2022,8/28/2022,FALSE
381,Hillery,Haugg,hhauggak@odnoklassniki.ru,M6533,1046,,384-86-3256,6/16/2022,3/9/2022,3/31/2022,7/15/2022,
382,Stefa,Derges,sdergesal@cargocollective.com,,1046,NC,310-98-4318,4/19/2022,1/6/2022,1/17/2022,5/10/2022,FALSE
385,Sallyanne,Lavell,slavellao@nifty.com,V789XXS,1046,NM,592-16-7005,1/17/2022,11/29/2021,10/15/2021,1/23/2022,FALSE
386,Jessey,Bradnick,jbradnickap@arizona.edu,,1046,NC,486-35-6144,2/5/2022,1/7/2022,12/23/2021,2/25/2022,TRUE
387,Ali,Merrifield,amerrifieldaq@ftc.gov,S52621A,1046,PA,112-30-9742,7/26/2022,4/14/2022,7/10/2022,8/11/2022,FALSE
388,Elsinore,Ciraldo,eciraldoar@nifty.com,,1046,NY,139-46-1042,4/20/2022,1/1/2022,2/8/2022,5/8/2022,TRUE
389,Erich,Kulas,ekulasas@tinypic.com,S72064K,1046,FL,574-39-7549,12/19/2021,8/20/2021,10/13/2021,1/1/2022,FALSE
391,Vale,Harcarse,vharcarseau@spotify.com,S7226XS,1047,TX,468-75-2223,3/22/2022,1/16/2022,3/12/2022,4/4/2022,FALSE
392,Jillian,Holde,jholdeav@arizona.edu,K001,1047,FL,133-48-4600,2/17/2022,1/21/2022,2/3/2022,3/6/2022,FALSE
393,Odele,Tosdevin,otosdevinaw@istockphoto.com,,1047,NY,195-57-4247,4/15/2022,4/11/2022,1/8/2022,4/23/2022,FALSE
396,Adams,Duckit,,,1047,CA,782-08-9575,1/8/2022,11/18/2021,10/19/2021,1/11/2022,TRUE
397,Ella,Grassi,egrassib0@yellowpages.com,M20021,1047,VA,621-08-3654,7/24/2022,4/27/2022,6/24/2022,8/12/2022,TRUE
398,Amil,Pachta,apachtab1@sun.com,S72442D,1047,CA,793-52-8514,1/12/2022,10/27/2021,12/18/2021,1/27/2022,FALSE
399,Octavius,Orkney,oorkneyb2@gmpg.org,S2034,1047,IL,486-93-9057,7/1/2022,4/8/2022,5/12/2022,8/10/2022,FALSE
400,Jens,Burgoine,jburgoineb3@behance.net,C50029,1047,NC,335-09-0588,4/4/2022,12/24/2021,1/19/2022,4/21/2022,TRUE
403,Arin,Hallan,ahallanb6@usa.gov,S91204S,1047,TX,165-80-8945,1/8/2022,10/13/2021,1/0/1900,2/19/2022,FALSE
405,Burtie,Chitham,bchithamb8@free.fr,,1047,WI,375-39-1593,2/3/2022,12/31/2021,12/10/2021,3/4/2022,TRUE
407,Amara,Ling,alingba@reverbnation.com,P119,1048,TX,122-91-0002,4/14/2022,4/6/2022,2/16/2022,4/29/2022,TRUE
409,Giselle,Emps,gempsbc@java.com,S98022,1048,WA,513-02-0850,7/21/2022,7/18/2022,4/16/2022,8/12/2022,FALSE
411,Mirabella,Pawlicki,mpawlickibe@uol.com.br,,1048,IL,307-30-3505,2/1/2022,1/23/2022,12/28/2021,2/19/2022,TRUE
412,Skippy,Purle,spurlebf@deviantart.com,E52,1048,,232-98-5761,3/14/2022,2/24/2022,12/31/2021,4/4/2022,
413,Isidoro,Wardrope,iwardropebg@google.com.hk,S72321Q,1048,FL,409-14-9764,4/10/2022,12/15/2021,2/21/2022,5/14/2022,TRUE
414,Hilary,Stembridge,hstembridgebh@fotki.com,S82034E,1048,WA,208-44-5499,2/28/2022,2/6/2022,11/29/2021,4/8/2022,FALSE
415,Charity,Meece,cmeecebi@cnn.com,V9215XS,1048,IN,183-11-7189,7/15/2022,4/7/2022,7/9/2022,7/31/2022,FALSE
416,Jordana,Gerdes,jgerdesbj@people.com.cn,,1048,AR,118-10-8310,7/22/2022,6/28/2022,4/20/2022,8/24/2022,FALSE
417,Francisco,Putland,fputlandbk@google.pl,,1048,MS,388-79-5196,4/24/2022,1/28/2022,3/9/2022,5/7/2022,FALSE
418,Maggy,Stanlike,mstanlikebl@dailymotion.com,,1048,MO,848-80-0763,5/19/2022,1/17/2022,5/14/2022,6/8/2022,FALSE
420,Karlens,Frankton,kfranktonbn@yandex.ru,T22051S,1048,TX,249-75-0381,1/3/2022,11/15/2021,12/23/2021,1/14/2022,FALSE
422,Portie,Dionisi,pdionisibp@pen.io,V376,1049,WV,748-88-8728,6/21/2022,3/7/2022,4/18/2022,7/14/2022,TRUE
423,Cindee,Brammall,cbrammallbq@bloglovin.com,T45522A,1049,SD,170-72-8856,8/7/2022,5/5/2022,5/5/2022,9/2/2022,FALSE
424,Jayme,Howselee,,,1049,TX,612-06-4833,7/8/2022,1/0/1900,4/7/2022,8/4/2022,FALSE
425,Janith,Prate,jpratebs@msn.com,S42481G,1049,MD,289-08-4561,6/8/2022,6/2/2022,3/25/2022,7/8/2022,FALSE
426,Torrance,Huddles,thuddlesbt@merriam-webster.com,S358X1A,1049,TX,148-19-2021,5/21/2022,5/4/2022,4/20/2022,6/16/2022,TRUE
427,Norris,Sansum,nsansumbu@biglobe.ne.jp,,1049,CT,105-25-7121,12/29/2021,10/2/2021,12/21/2021,2/6/2022,TRUE
428,Rodina,Brandreth,rbrandrethbv@diigo.com,,1049,MD,524-41-0491,3/22/2022,1/1/2022,1/1/2022,4/1/2022,FALSE
429,Jarrett,Gorwood,jgorwoodbw@topsy.com,,1049,OH,412-61-3773,5/4/2022,5/3/2022,3/11/2022,5/31/2022,TRUE
430,Gabriele,Vasyaev,gvasyaevbx@gnu.org,,1049,IN,655-30-2151,1/30/2022,12/13/2021,11/14/2021,2/28/2022,FALSE
431,Kalie,Mavin,kmavinby@ustream.tv,M89159,1049,IN,652-37-5883,3/4/2022,11/18/2021,1/4/2022,3/19/2022,TRUE
433,Jarvis,Point,,S72116R,1049,MD,239-51-5997,3/26/2022,3/10/2022,3/7/2022,4/13/2022,TRUE
434,Nehemiah,Lapthorne,nlapthornec1@washingtonpost.com,,1049,NY,538-10-0724,6/18/2022,5/12/2022,5/4/2022,7/22/2022,TRUE
436,Margalit,Fissenden,,O4412,1050,OH,855-76-9166,2/18/2022,12/16/2021,1/21/2022,3/4/2022,TRUE
440,Stefano,Fowley,sfowleyc7@baidu.com,S60452D,1050,DC,473-62-7327,8/6/2022,7/28/2022,7/11/2022,8/17/2022,FALSE
441,Dita,Faragher,dfaragherc8@tinypic.com,,1050,MI,315-40-1386,7/23/2022,6/22/2022,6/5/2022,8/16/2022,TRUE
442,Tomasina,Seckington,tseckingtonc9@acquirethisname.com,,1050,CT,123-52-8556,8/3/2022,7/4/2022,5/10/2022,9/1/2022,FALSE
443,Onfre,Vayne,ovayneca@addthis.com,,1050,WI,480-62-6435,5/11/2022,2/13/2022,3/24/2022,5/30/2022,TRUE
445,Tybalt,Bailie,tbailiecc@bing.com,S41142S,1050,IA,689-19-4655,5/11/2022,3/31/2022,3/22/2022,6/16/2022,FALSE
446,Maudie,Middup,mmiddupcd@blogtalkradio.com,,1050,KY,489-49-5945,3/5/2022,11/28/2021,1/29/2022,3/26/2022,TRUE
448,Marsiella,Billie,,S5291XQ,1050,AZ,675-05-1997,5/23/2022,3/8/2022,3/30/2022,6/29/2022,FALSE
449,Helene,Jerromes,hjerromescg@soundcloud.com,T63512,1050,FL,165-03-1598,7/28/2022,4/27/2022,5/20/2022,8/13/2022,FALSE
450,Hollis,Sweatman,,S82301R,1050,CA,584-98-9071,6/12/2022,5/27/2022,6/6/2022,6/22/2022,FALSE
452,Angy,Saddler,asaddlercj@ameblo.jp,T367X3S,1051,IN,853-86-3212,5/15/2022,2/7/2022,5/11/2022,5/27/2022,TRUE
454,Kin,Elsley,kelsleycl@netscape.com,,1051,TX,293-77-9050,7/6/2022,3/31/2022,5/31/2022,7/26/2022,FALSE
455,Jobie,Dillow,jdillowcm@infoseek.co.jp,,1051,FL,626-09-8113,6/20/2022,3/14/2022,3/26/2022,7/2/2022,FALSE
456,Alejoa,Degg,adeggcn@auda.org.au,S52225Q,1051,KS,483-98-8589,2/17/2022,1/21/2022,12/7/2021,3/17/2022,FALSE
457,Cirilo,Plail,cplailco@ifeng.com,,1051,TX,676-86-6108,4/16/2022,1/24/2022,3/30/2022,5/18/2022,FALSE
458,Angelica,Prickett,aprickettcp@ustream.tv,,1051,IL,178-64-5457,7/27/2022,7/27/2022,4/25/2022,8/12/2022,FALSE
459,Crosby,Tethacot,ctethacotcq@digg.com,,1051,FL,872-94-3376,6/19/2022,4/24/2022,4/10/2022,7/18/2022,TRUE
460,Mauricio,Noke,mnokecr@noaa.gov,S20169A,1051,GA,532-05-3679,1/5/2022,10/11/2021,11/21/2021,1/16/2022,TRUE
461,Georgianna,St Pierre,gstpierrecs@addthis.com,,1051,CA,765-59-8887,2/1/2022,10/26/2021,1/10/2022,3/6/2022,FALSE
464,Antoine,Barbier,,,1051,CA,214-32-4387,1/1/2022,12/11/2021,12/16/2021,1/24/2022,TRUE
467,Cassandre,Jobke,cjobkecy@linkedin.com,,1052,CA,873-93-0826,6/16/2022,5/21/2022,5/11/2022,7/24/2022,TRUE
469,Kassey,Syncke,ksyncked0@google.es,S71019D,1052,GA,419-51-9248,2/9/2022,10/20/2021,11/22/2021,2/21/2022,FALSE
471,Giuseppe,Bischof,gbischofd2@opensource.org,,1052,CA,425-29-9598,5/15/2022,1/28/2022,4/25/2022,6/24/2022,TRUE
472,Ashton,Dalwood,adalwoodd3@nyu.edu,,1052,HI,393-17-2169,7/18/2022,3/25/2022,5/10/2022,8/4/2022,TRUE
473,Jephthah,Mendez,jmendezd4@businesswire.com,D236,1052,WA,547-04-4028,8/5/2022,7/17/2022,5/14/2022,9/15/2022,FALSE
475,Hyacintha,Blew,hblewd6@soup.io,S42302G,1052,CA,140-66-4898,1/31/2022,10/27/2021,12/2/2021,3/10/2022,FALSE
476,Ignacio,Girtin,igirtind7@wisc.edu,O361122,1052,TX,588-90-1040,12/27/2021,10/3/2021,11/2/2021,1/5/2022,FALSE
478,Dimitri,Alishoner,dalishonerd9@bing.com,T474X4,1052,TX,846-38-7181,2/6/2022,1/7/2022,12/30/2021,2/19/2022,TRUE
480,Katha,Clotworthy,kclotworthydb@blog.com,S59091K,1052,AK,357-93-5593,3/31/2022,1/4/2022,1/24/2022,4/10/2022,FALSE
481,Paquito,McGibbon,,,1053,SD,255-26-1447,5/1/2022,1/1/2022,4/7/2022,5/5/2022,FALSE
482,Joellyn,Bryde,jbrydedd@reuters.com,B852,1053,NY,368-69-1961,1/24/2022,1/17/2022,10/19/2021,1/31/2022,FALSE
483,Valerye,Dumphry,vdumphryde@opera.com,Y3626,1053,AR,513-83-1778,12/13/2021,9/10/2021,10/4/2021,1/5/2022,FALSE
484,Gwenneth,Warrell,gwarrelldf@telegraph.co.uk,,1053,CA,197-80-9359,5/13/2022,4/28/2022,3/10/2022,6/13/2022,TRUE
485,Kristopher,Reiach,kreiachdg@e-recht24.de,,1053,MO,395-35-3480,1/5/2022,9/14/2021,10/11/2021,2/2/2022,FALSE
486,Payton,Bartlomieczak,pbartlomieczakdh@mapquest.com,,1053,CO,871-12-7361,7/1/2022,4/28/2022,4/11/2022,7/4/2022,TRUE
487,Maryann,Gohier,mgohierdi@ed.gov,Z87710,1053,DC,729-54-5004,3/19/2022,1/2/2022,1/25/2022,4/22/2022,FALSE
488,Augustus,Pedracci,apedraccidj@cnet.com,,1053,NY,385-67-2054,3/29/2022,1/10/2022,3/16/2022,4/7/2022,TRUE
489,Ansley,Collop,,F402,1053,CA,533-58-1649,2/8/2022,12/9/2021,11/10/2021,2/21/2022,TRUE
492,Ichabod,Postin,,,1053,OK,458-65-4208,3/25/2022,2/20/2022,3/7/2022,4/13/2022,TRUE
494,Rab,Gonnelly,rgonnellydp@creativecommons.org,O3673,1053,LA,123-83-4996,5/19/2022,1/21/2022,2/22/2022,6/22/2022,FALSE
495,Evvie,Soeiro,esoeirodq@springer.com,,1053,TN,540-28-9723,2/3/2022,12/16/2021,11/10/2021,3/6/2022,FALSE
497,Vicky,Dybbe,vdybbeds@zimbio.com,C9102,1054,OH,250-32-8340,3/22/2022,1/5/2022,2/5/2022,4/20/2022,TRUE
498,Serena,Braganca,sbragancadt@hud.gov,S56115A,1054,IN,121-48-0368,6/30/2022,3/8/2022,4/7/2022,7/8/2022,FALSE
500,Tabby,Chelam,,S52332S,1054,MO,183-95-0301,7/14/2022,5/21/2022,5/15/2022,8/4/2022,FALSE
501,Leoline,Newsham,lnewshamdw@icio.us,S92056A,1054,IA,677-89-6720,1/19/2022,10/15/2021,1/7/2022,1/30/2022,FALSE
503,Celestyna,Axel,caxeldy@liveinternet.ru,,1054,NY,669-48-8347,5/19/2022,2/6/2022,4/13/2022,6/5/2022,FALSE
504,Merci,Strutt,mstruttdz@aboutads.info,S72434S,1054,LA,222-85-9638,5/3/2022,1/17/2022,2/11/2022,5/10/2022,FALSE
505,Adair,Balnaves,,T83719,1054,AL,242-32-2546,5/14/2022,1/0/1900,3/30/2022,5/30/2022,FALSE
506,Rip,MacAnelley,,,1054,OK,633-92-5374,5/14/2022,1/18/2022,4/8/2022,6/5/2022,TRUE
507,Giorgia,Domange,gdomangee2@irs.gov,M26629,1054,NY,807-75-4235,4/27/2022,3/16/2022,2/17/2022,6/6/2022,FALSE
509,Heidie,Michelet,hmichelete4@npr.org,M67854,1054,CO,661-27-8750,7/9/2022,6/30/2022,5/3/2022,8/10/2022,TRUE
510,Cristi,Boyington,cboyingtone5@skype.com,S81811S,1054,PA,388-41-1624,1/1/2022,12/1/2021,11/12/2021,2/1/2022,TRUE
511,Everard,Franzonetti,efranzonettie6@zimbio.com,S63329S,1055,MO,490-29-7511,5/25/2022,4/10/2022,2/26/2022,7/4/2022,TRUE
513,Joelly,Munn,jmunne8@chron.com,,1055,NY,627-85-1375,7/1/2022,3/8/2022,6/7/2022,8/10/2022,TRUE
514,Ingram,Southerell,isoutherelle9@dmoz.org,S99922D,1055,NV,338-15-4583,5/18/2022,4/7/2022,3/6/2022,6/25/2022,FALSE
515,Robbie,Beig,rbeigea@wp.com,T59812D,1055,NY,347-66-8866,8/4/2022,6/16/2022,5/7/2022,8/29/2022,FALSE
516,Smith,Raftery,srafteryeb@eventbrite.com,,1055,IL,433-41-3032,2/11/2022,11/18/2021,11/15/2021,3/25/2022,FALSE
517,Rozele,Yegoshin,ryegoshinec@hibu.com,,1055,GA,871-29-0924,3/24/2022,1/26/2022,2/22/2022,4/5/2022,FALSE
519,Broderick,Dower,bdoweree@indiegogo.com,S32012,1055,GA,279-82-2180,1/31/2022,12/5/2021,10/30/2021,2/14/2022,TRUE
520,Bobina,Albrooke,balbrookeef@arizona.edu,T6392,1055,TX,295-76-6680,1/7/2022,12/21/2021,12/5/2021,1/28/2022,TRUE
521,Boniface,Jennick,bjennickeg@ca.gov,,1055,CA,856-27-5656,2/25/2022,12/16/2021,2/19/2022,3/26/2022,FALSE
523,Jorey,Asling,,,1055,CA,873-01-5850,7/31/2022,6/16/2022,7/26/2022,8/27/2022,TRUE
524,Alessandra,Garmanson,agarmansonej@dell.com,,1055,MO,473-03-6833,7/7/2022,3/29/2022,6/9/2022,8/2/2022,FALSE
525,Ruddy,Monahan,rmonahanek@blogs.com,M87351,1055,TX,727-89-0015,6/1/2022,2/1/2022,5/30/2022,6/8/2022,FALSE
526,Lynnelle,Terney,lterneyel@google.es,V755XXD,1056,CA,279-59-0103,12/31/2021,12/7/2021,10/6/2021,1/9/2022,TRUE
528,Sibley,Moscone,smosconeen@ucla.edu,M0218,1056,MI,126-87-8630,5/14/2022,5/4/2022,4/25/2022,5/24/2022,FALSE
529,Marlena,Bolley,mbolleyeo@irs.gov,O618,1056,NY,247-03-7253,4/20/2022,3/27/2022,3/11/2022,5/18/2022,FALSE
530,Ebba,Yakushkev,eyakushkevep@toplist.cz,V498,1056,MI,454-59-3736,12/10/2021,10/2/2021,11/2/2021,1/3/2022,FALSE
532,Sheela,Alleyn,salleyner@businesswire.com,G8918,1056,CA,771-82-0130,4/21/2022,12/24/2021,3/15/2022,5/11/2022,FALSE
533,Breena,Cuschieri,bcuschieries@prnewswire.com,,1056,CT,780-48-1654,2/18/2022,1/20/2022,2/13/2022,3/2/2022,TRUE
534,Ciel,Sherer,,S63403A,1056,FL,815-66-0619,1/9/2022,9/30/2021,12/29/2021,2/4/2022,FALSE
535,Gypsy,Montilla,gmontillaeu@telegraph.co.uk,,1056,LA,876-70-5675,7/8/2022,6/27/2022,4/22/2022,7/18/2022,FALSE
536,Vicki,Johananov,vjohananovev@artisteer.com,S60019,1056,FL,719-13-5314,12/21/2021,10/2/2021,12/10/2021,1/26/2022,TRUE
537,Corrine,Kincade,ckincadeew@icq.com,,1056,,545-40-6713,6/17/2022,3/31/2022,3/22/2022,7/28/2022,
538,Calvin,O'Crotty,cocrottyex@macromedia.com,S76211,1056,WA,370-49-0812,6/3/2022,6/2/2022,4/8/2022,7/9/2022,FALSE
539,Martina,Petworth,mpetworthey@npr.org,S60139A,1056,MN,619-80-0807,2/28/2022,1/25/2022,12/1/2021,3/3/2022,TRUE
540,Kym,Rimer,,,1056,MN,274-05-2739,5/10/2022,3/29/2022,4/14/2022,5/29/2022,TRUE
541,Viviene,Dominguez,,S93525A,1057,CT,553-63-1834,5/2/2022,3/21/2022,4/14/2022,6/3/2022,TRUE
542,Kerry,Ivory,kivoryf1@vk.com,,1057,CA,376-86-5440,7/20/2022,6/16/2022,6/16/2022,8/19/2022,TRUE
543,Mignonne,Kadd,mkaddf2@com.com,L21,1057,,874-38-7945,4/8/2022,2/16/2022,3/7/2022,4/12/2022,
544,Athena,Agge,aaggef3@yahoo.co.jp,H43392,1057,FL,887-31-9638,6/15/2022,4/6/2022,5/16/2022,7/20/2022,TRUE
545,Zonnya,Uebel,zuebelf4@wordpress.com,S61233,1057,CA,432-47-3669,5/9/2022,4/17/2022,5/9/2022,5/18/2022,FALSE
546,Alyss,Beatens,abeatensf5@guardian.co.uk,T63412D,1057,WA,141-04-1461,7/2/2022,6/29/2022,6/4/2022,8/5/2022,TRUE
550,Gracie,Postance,gpostancef9@barnesandnoble.com,,1057,FL,357-84-6934,7/22/2022,7/20/2022,6/17/2022,8/26/2022,FALSE
553,Lyn,Twoohy,,,1057,WV,146-75-6057,4/24/2022,3/23/2022,4/11/2022,5/26/2022,FALSE
554,Xenia,Waddell,xwaddellfd@harvard.edu,I422,1057,CA,446-81-2839,7/3/2022,3/21/2022,4/3/2022,8/10/2022,TRUE
555,Arlina,Oxburgh,aoxburghfe@booking.com,H16391,1057,IL,809-48-0768,2/11/2022,1/17/2022,12/29/2021,2/23/2022,FALSE
556,Skell,Teenan,,,1058,AL,408-69-8534,2/18/2022,12/9/2021,1/9/2022,3/25/2022,TRUE
557,Annadiana,Levecque,alevecquefg@princeton.edu,S93622S,1058,TX,209-21-6038,1/18/2022,11/19/2021,12/13/2021,2/16/2022,TRUE
559,Colin,Shay,cshayfi@japanpost.jp,S8264XM,1058,TX,202-71-3117,3/15/2022,1/0/1900,2/17/2022,3/20/2022,FALSE
561,Phillipp,Stirton,pstirtonfk@elpais.com,,1058,WA,568-93-1017,4/18/2022,3/21/2022,4/7/2022,5/28/2022,TRUE
562,Harlen,Mumbeson,hmumbesonfl@java.com,D119,1058,MN,875-35-3847,7/8/2022,4/9/2022,4/1/2022,8/5/2022,FALSE
563,Haydon,Hasted,hhastedfm@seesaa.net,T48902S,1058,TX,326-89-9780,5/20/2022,2/23/2022,4/2/2022,6/27/2022,FALSE
567,Garth,MacManus,gmacmanusfq@umich.edu,,1058,FL,432-73-2833,2/28/2022,11/20/2021,1/14/2022,4/2/2022,TRUE
571,Guntar,Castellan,gcastellanfu@apple.com,R7611,1059,TN,222-41-9808,8/9/2022,5/7/2022,5/16/2022,8/27/2022,FALSE
572,Edgar,Heinsh,eheinshfv@pagesperso-orange.fr,T59891S,1059,AL,464-57-3536,2/7/2022,11/14/2021,11/14/2021,3/8/2022,FALSE
573,Tris,Pickworth,tpickworthfw@infoseek.co.jp,T23502,1059,ND,193-64-9347,4/17/2022,1/18/2022,4/11/2022,4/21/2022,FALSE
574,Denny,Bodd,dboddfx@histats.com,T17990S,1059,VA,300-79-8514,5/27/2022,4/16/2022,4/11/2022,6/1/2022,FALSE
575,Nan,Gaitone,ngaitonefy@sitemeter.com,,1059,MI,406-91-5207,7/22/2022,4/3/2022,6/19/2022,8/14/2022,FALSE
577,Cybill,Chessman,cchessmang0@toplist.cz,,1059,NC,102-69-2081,8/10/2022,1/0/1900,7/25/2022,9/7/2022,FALSE
579,Nealy,Pardoe,,M9711XS,1059,FL,867-75-3765,4/1/2022,3/4/2022,1/17/2022,4/26/2022,TRUE
581,Eadie,Baumadier,ebaumadierg4@hugedomains.com,,1059,TX,773-99-8034,7/23/2022,6/24/2022,6/19/2022,8/16/2022,TRUE
582,Marv,Stowte,mstowteg5@prlog.org,T5992XD,1059,AL,802-84-4902,1/11/2022,9/15/2021,12/14/2021,1/19/2022,TRUE
583,Boy,Paquet,bpaquetg6@xing.com,,1059,NY,457-05-7722,6/23/2022,4/10/2022,4/28/2022,7/27/2022,FALSE
584,Stormy,Peidro,speidrog7@over-blog.com,Y9323,1059,FL,290-20-0949,7/22/2022,5/25/2022,4/17/2022,8/23/2022,FALSE
585,Brew,Coey,bcoeyg8@columbia.edu,I8703,1059,LA,245-56-9306,4/10/2022,3/28/2022,2/22/2022,4/26/2022,FALSE
586,Tracy,McKeighen,tmckeigheng9@cornell.edu,H18021,1060,TX,718-20-8646,3/12/2022,11/16/2021,2/3/2022,4/18/2022,TRUE
588,Noemi,Beverstock,nbeverstockgb@jigsy.com,S31649D,1060,IL,389-40-3906,2/1/2022,12/10/2021,12/11/2021,3/1/2022,TRUE
589,Gareth,McKerron,gmckerrongc@nhs.uk,,1060,MO,196-14-5534,6/4/2022,4/13/2022,5/27/2022,6/27/2022,TRUE
590,Emerson,Heinsen,eheinsengd@china.com.cn,,1060,VA,155-37-8614,12/17/2021,11/1/2021,10/7/2021,1/19/2022,FALSE
592,Darin,Truscott,,S12231S,1060,TX,158-79-3824,1/1/2022,10/18/2021,11/1/2021,1/31/2022,FALSE
593,Alick,Antunez,aantunezgg@imdb.com,S62617B,1060,TX,288-63-6362,1/1/2022,9/15/2021,11/14/2021,1/27/2022,FALSE
595,Nedda,Catchpole,ncatchpolegi@oracle.com,,1060,CA,871-11-1948,1/28/2022,11/4/2021,11/29/2021,2/28/2022,TRUE
596,Dorella,Kestle,dkestlegj@kickstarter.com,H33059,1060,AK,861-67-4760,1/31/2022,12/24/2021,10/31/2021,2/21/2022,FALSE
597,Koral,Gutch,kgutchgk@ucoz.ru,,1060,VA,257-57-8896,4/3/2022,2/10/2022,1/22/2022,4/17/2022,FALSE
599,Klarika,Spearett,kspearettgm@yelp.com,,1060,NJ,219-18-6128,8/4/2022,4/7/2022,7/2/2022,9/5/2022,FALSE
600,Jared,Skey,jskeygn@free.fr,,1060,NY,683-95-2841,12/28/2021,9/13/2021,11/26/2021,1/15/2022,TRUE
601,Isak,Howlett,ihowlettgo@wikispaces.com,W001XXA,1061,CA,684-52-7815,2/19/2022,2/9/2022,11/21/2021,3/29/2022,TRUE
602,Tamar,Manhood,tmanhoodgp@ihg.com,,1061,TX,348-32-5032,4/30/2022,2/10/2022,2/6/2022,5/25/2022,FALSE
604,Chicky,Swiffan,cswiffangr@ebay.co.uk,V878XXA,1061,IL,682-55-0643,4/25/2022,12/30/2021,3/29/2022,5/23/2022,TRUE
605,Price,Pritchard,ppritchardgs@npr.org,T85615,1061,TX,609-13-2714,6/19/2022,3/1/2022,4/7/2022,7/7/2022,FALSE
607,Jacklin,Eastes,jeastesgu@msn.com,S42019G,1061,CA,153-11-8363,12/20/2021,10/6/2021,9/24/2021,1/28/2022,TRUE
609,Eleanora,MacInerney,emacinerneygw@whitehouse.gov,,1061,NV,123-76-4361,6/29/2022,3/20/2022,6/21/2022,7/19/2022,TRUE
612,Dewitt,Walden,dwaldengz@lycos.com,S4229,1061,DC,311-41-4775,4/3/2022,2/18/2022,3/31/2022,4/21/2022,TRUE
615,Chelsy,Monget,cmongeth2@cnet.com,S72432H,1061,VA,383-64-6623,4/17/2022,4/17/2022,3/19/2022,4/27/2022,FALSE
617,Rabbi,Yakutin,,,1062,IN,768-94-5962,1/27/2022,1/0/1900,12/13/2021,2/10/2022,FALSE
620,Aristotle,Ghest,aghesth7@cmu.edu,S61402A,1062,CA,195-53-7765,1/10/2022,10/10/2021,12/21/2021,1/22/2022,FALSE
623,Shantee,Alwell,salwellha@toplist.cz,S60456S,1062,AZ,838-54-9650,6/25/2022,4/9/2022,3/20/2022,7/12/2022,FALSE
624,Karlan,Renol,krenolhb@mayoclinic.com,S42447,1062,TX,382-76-6781,6/12/2022,3/4/2022,5/21/2022,6/17/2022,FALSE
625,Wittie,Gooch,wgoochhc@gizmodo.com,T22239A,1062,TX,786-66-2745,2/18/2022,1/6/2022,1/7/2022,3/18/2022,TRUE
629,Ora,Maha,omahahg@nsw.gov.au,,1062,AL,816-99-3690,6/25/2022,3/6/2022,4/1/2022,6/30/2022,FALSE
630,Josiah,O'Feeny,jofeenyhh@google.fr,S43102,1062,NE,221-30-8446,5/8/2022,3/21/2022,4/25/2022,5/31/2022,FALSE
633,Dusty,Lilburn,dlilburnhk@webeden.co.uk,T6583,1063,PA,368-31-0830,2/21/2022,11/24/2021,12/23/2021,3/26/2022,TRUE
634,Babb,Nelane,bnelanehl@cam.ac.uk,,1063,NY,513-87-9015,8/3/2022,7/23/2022,6/26/2022,8/26/2022,FALSE
635,Calvin,Bulbrook,cbulbrookhm@newsvine.com,S95801A,1063,DC,129-76-3486,3/26/2022,1/16/2022,12/22/2021,4/28/2022,TRUE
636,Neale,Taleworth,ntaleworthhn@wix.com,S61312D,1063,DC,242-42-5014,4/8/2022,2/6/2022,2/27/2022,5/1/2022,TRUE
637,Tansy,Hirsthouse,thirsthouseho@e-recht24.de,S9215,1063,IN,413-86-9666,4/12/2022,4/3/2022,3/19/2022,5/15/2022,TRUE
638,Fabio,Bosquet,fbosquethp@altervista.org,D223,1063,TX,527-81-0583,12/30/2021,12/13/2021,10/26/2021,1/27/2022,TRUE
640,Norina,Lefever,nlefeverhr@usnews.com,O365133,1063,IA,847-93-4334,2/23/2022,12/20/2021,12/19/2021,2/26/2022,TRUE
642,Anne-corinne,Titchard,atitchardht@goo.gl,T43215A,1063,PA,880-93-2175,7/27/2022,7/2/2022,4/20/2022,8/2/2022,TRUE
643,Freedman,Dymocke,fdymockehu@homestead.com,I63111,1063,,275-46-3760,1/26/2022,1/6/2022,11/25/2021,3/9/2022,
645,Massimo,Burtonwood,mburtonwoodhw@ca.gov,S42435B,1063,VA,730-63-8736,12/21/2021,9/12/2021,10/22/2021,1/22/2022,FALSE
647,Lydia,Bickerstaff,lbickerstaffhy@devhub.com,S82102P,1064,OK,812-57-1687,7/12/2022,6/20/2022,4/5/2022,8/11/2022,TRUE
648,Aluino,Lembrick,alembrickhz@squidoo.com,H21353,1064,NV,144-06-1121,2/26/2022,12/23/2021,1/28/2022,4/4/2022,FALSE
649,Gabbie,Gennings,,,1064,TX,681-63-6494,12/5/2021,8/13/2021,9/26/2021,1/4/2022,FALSE
650,Nikki,Hearnshaw,nhearnshawi1@lycos.com,T85390S,1064,TX,571-14-0163,4/21/2022,2/6/2022,1/0/1900,6/2/2022,FALSE
652,Natalina,Groome,ngroomei3@wisc.edu,S21451S,1064,GA,524-83-6823,2/9/2022,1/11/2022,11/30/2021,2/18/2022,FALSE
653,Valida,Jerdein,vjerdeini4@pcworld.com,V021,1064,AL,428-65-6679,8/10/2022,6/20/2022,6/9/2022,9/15/2022,TRUE
655,Merell,Mochan,mmochani6@github.com,,1064,FL,720-83-8815,2/1/2022,11/21/2021,11/12/2021,2/6/2022,TRUE
657,Romona,Danzelman,rdanzelmani8@npr.org,,1064,,443-06-4613,6/12/2022,4/20/2022,4/4/2022,7/22/2022,
659,Fields,Leheude,fleheudeia@com.com,,1064,GA,117-60-0343,1/25/2022,1/12/2022,1/0/1900,2/22/2022,TRUE
661,Philippa,Baumler,pbaumleric@behance.net,S86219,1065,TX,777-32-9459,7/31/2022,5/3/2022,6/16/2022,8/3/2022,TRUE
663,Almira,Gatiss,agatissie@cbsnews.com,,1065,MS,103-43-5970,5/5/2022,2/20/2022,3/9/2022,6/13/2022,TRUE
665,Stefa,Garard,sgarardig@photobucket.com,G467,1065,NY,268-27-4316,3/29/2022,2/3/2022,3/26/2022,4/22/2022,FALSE
667,Caddric,Wallwork,cwallworkii@geocities.jp,H59113,1065,KY,624-73-8799,1/13/2022,10/15/2021,11/15/2021,2/2/2022,FALSE
668,Lenka,Theakston,ltheakstonij@bandcamp.com,M84532K,1065,TX,399-55-5211,6/8/2022,2/21/2022,6/1/2022,7/5/2022,FALSE
669,Terrill,Brammar,tbrammarik@unblog.fr,H699,1065,UT,741-44-0001,4/30/2022,3/2/2022,3/3/2022,5/26/2022,TRUE
670,Graig,Rutherfoord,grutherfoordil@washington.edu,,1065,IA,559-16-5143,12/23/2021,9/2/2021,12/4/2021,1/29/2022,TRUE
671,Cam,Rens,crensim@irs.gov,,1065,CA,655-02-5000,7/18/2022,4/26/2022,7/11/2022,8/4/2022,TRUE
672,Hinze,Simonard,hsimonardin@sun.com,,1065,KY,151-21-7470,5/30/2022,3/31/2022,5/2/2022,7/7/2022,TRUE
674,Katti,Larvent,klarventip@mysql.com,,1065,MA,109-05-2421,2/23/2022,12/18/2021,11/17/2021,3/25/2022,TRUE
675,Lane,Adame,ladameiq@icq.com,,1065,MN,717-25-5549,4/14/2022,12/31/2021,4/2/2022,5/11/2022,TRUE
676,Orelle,Llopis,,C44,1066,AZ,662-59-4127,6/24/2022,3/2/2022,4/2/2022,7/2/2022,TRUE
677,Emanuel,Warke,ewarkeis@hud.gov,S83113A,1066,TX,422-25-8311,2/8/2022,11/26/2021,11/15/2021,2/17/2022,FALSE
678,Moses,Pocklington,mpocklingtonit@blogspot.com,,1066,NC,635-01-7197,4/24/2022,1/10/2022,4/1/2022,4/27/2022,TRUE
679,Seumas,Metcalf,smetcalfiu@php.net,I83021,1066,WV,248-95-5155,3/22/2022,3/14/2022,3/2/2022,4/17/2022,TRUE
683,Myranda,Barg,mbargiy@tamu.edu,S62340S,1066,PA,780-92-4179,2/18/2022,11/1/2021,1/0/1900,3/18/2022,TRUE
684,Bren,Goad,bgoadiz@prweb.com,H402292,1066,CT,763-96-5560,6/22/2022,4/1/2022,6/14/2022,7/21/2022,TRUE
687,Melissa,Altamirano,maltamiranoj2@bbc.co.uk,X50,1066,CA,163-01-1177,12/11/2021,8/20/2021,9/11/2021,1/7/2022,TRUE
688,Meryl,Jordeson,mjordesonj3@google.com.au,W370XXS,1066,LA,342-56-7155,3/23/2022,2/18/2022,2/13/2022,5/1/2022,FALSE
689,Kyla,Weldon,kweldonj4@globo.com,,1066,NY,669-25-4000,3/12/2022,1/29/2022,1/6/2022,3/29/2022,TRUE
690,Merrill,Rylance,mrylancej5@skyrock.com,H53469,1066,VA,119-62-3031,5/29/2022,3/15/2022,3/6/2022,6/2/2022,FALSE
691,Emanuele,Denyagin,edenyaginj6@salon.com,I69143,1067,NM,419-03-3257,2/13/2022,1/22/2022,11/24/2021,3/10/2022,TRUE
693,Rusty,McInerney,rmcinerneyj8@booking.com,,1067,NY,674-50-1978,5/6/2022,3/26/2022,4/17/2022,6/12/2022,FALSE
696,Gun,Hawker,ghawkerjb@people.com.cn,S52225P,1067,MA,775-62-3651,1/30/2022,1/8/2022,12/23/2021,3/10/2022,FALSE
698,Merrick,Casewell,mcasewelljd@tripod.com,M84329K,1067,KS,458-17-6344,5/24/2022,2/13/2022,3/4/2022,7/3/2022,FALSE
699,Meggie,Clowes,mclowesje@liveinternet.ru,P249,1067,KY,813-11-3233,11/30/2021,11/4/2021,11/25/2021,1/8/2022,FALSE
702,Deidre,Raynor,draynorjh@paginegialle.it,S6211,1067,DE,502-66-2611,5/13/2022,4/18/2022,4/16/2022,6/12/2022,TRUE
703,Opaline,Bartak,obartakji@trellian.com,S92034P,1067,AZ,743-99-7167,3/15/2022,2/5/2022,1/17/2022,4/12/2022,FALSE
704,Rayshell,Whyborne,rwhybornejj@marketwatch.com,O418X1,1067,CA,640-95-7753,7/24/2022,5/1/2022,5/1/2022,7/27/2022,TRUE
706,Ashla,Mahmood,amahmoodjl@columbia.edu,,1068,,646-25-3549,1/9/2022,1/5/2022,10/30/2021,1/20/2022,
708,Rosaline,McGlynn,rmcglynnjn@netvibes.com,S52391D,1068,,762-40-0274,2/10/2022,1/30/2022,1/0/1900,3/15/2022,
709,Lainey,Sturdy,lsturdyjo@symantec.com,W5819XD,1068,OH,551-98-8558,6/15/2022,5/12/2022,5/3/2022,6/26/2022,FALSE
710,Clarisse,Roberti,crobertijp@rediff.com,B742,1068,AK,658-18-2425,1/9/2022,12/14/2021,12/26/2021,2/2/2022,TRUE
711,Haley,Gorce,hgorcejq@arizona.edu,S86929,1068,NV,486-27-5741,6/6/2022,3/10/2022,5/3/2022,6/20/2022,TRUE
712,Joella,Isack,jisackjr@ted.com,T8639,1068,TX,757-16-9636,2/26/2022,2/26/2022,12/5/2021,3/17/2022,TRUE
714,Alia,Dyett,adyettjt@msn.com,A5482,1068,NY,676-66-0928,2/3/2022,12/13/2021,10/28/2021,2/28/2022,FALSE
717,Gwendolin,Beaulieu,,O9A22,1068,VA,215-04-0311,12/29/2021,10/4/2021,11/22/2021,1/5/2022,TRUE
719,Flore,Yesichev,fyesichevjy@friendfeed.com,S92331P,1068,CA,331-31-2152,3/18/2022,3/3/2022,3/15/2022,3/28/2022,TRUE
721,Bryce,Antonich,bantonichk0@virginia.edu,S52246N,1069,OK,249-53-1954,3/28/2022,1/18/2022,3/19/2022,5/6/2022,FALSE
722,Emmalyn,Rooson,,,1069,AR,125-51-6073,5/31/2022,5/31/2022,5/22/2022,7/1/2022,TRUE
723,Trueman,Cowing,tcowingk2@fc2.com,V364,1069,KS,492-19-3980,1/23/2022,1/6/2022,1/2/2022,2/24/2022,FALSE
725,Louise,Blackleech,lblackleechk4@pagesperso-orange.fr,H68113,1069,LA,711-75-6709,1/1/2022,12/18/2021,9/30/2021,2/2/2022,FALSE
726,Jo-anne,Lambal,jlambalk5@time.com,,1069,CA,533-81-6231,5/28/2022,2/20/2022,5/6/2022,6/12/2022,TRUE
727,Jolie,Burghill,jburghillk6@hubpages.com,W16022,1069,MN,773-34-2905,5/31/2022,3/16/2022,5/2/2022,7/2/2022,TRUE
729,Maggy,Rodolphe,mrodolphek8@blogtalkradio.com,K803,1069,TX,359-95-8304,6/27/2022,4/15/2022,4/26/2022,7/29/2022,FALSE
730,Gustav,Agus,gagusk9@vinaora.com,S66501A,1069,TX,415-50-4034,5/27/2022,3/15/2022,5/5/2022,7/1/2022,FALSE
731,Ferrell,Feuell,ffeuellka@woothemes.com,M438,1069,IL,336-12-5838,4/5/2022,4/2/2022,3/26/2022,4/15/2022,TRUE
732,Zea,Carlon,,,1069,LA,290-18-4204,3/10/2022,1/22/2022,3/1/2022,4/3/2022,FALSE
734,Pearla,Mulrenan,pmulrenankd@wikispaces.com,T65222S,1069,IN,214-96-5128,3/29/2022,12/11/2021,3/4/2022,4/8/2022,FALSE
735,Meggy,Cartan,mcartanke@un.org,,1069,OH,405-02-2793,4/8/2022,3/14/2022,1/3/2022,4/30/2022,FALSE
736,Beatrice,Ruoff,bruoffkf@geocities.jp,S93129D,1070,GA,518-41-2295,8/7/2022,4/23/2022,7/25/2022,8/31/2022,FALSE
737,Marie-ann,Wragge,mwraggekg@techcrunch.com,S46929D,1070,PA,119-85-1361,4/16/2022,1/9/2022,3/14/2022,5/27/2022,TRUE
738,Patrizia,Kroch,pkrochkh@liveinternet.ru,S82409F,1070,CO,752-75-1026,1/10/2022,12/5/2021,10/29/2021,1/24/2022,TRUE
740,Melitta,Itzcak,mitzcakkj@tmall.com,I470,1070,FL,610-42-1963,2/5/2022,1/21/2022,12/13/2021,2/9/2022,TRUE
742,Alexandr,Paulon,apaulonkl@netscape.com,Y35293A,1070,TX,668-06-6422,2/20/2022,2/11/2022,12/19/2021,3/6/2022,FALSE
743,Dyane,Handke,dhandkekm@bizjournals.com,S72471S,1070,NY,522-26-9845,7/8/2022,4/28/2022,6/4/2022,7/29/2022,FALSE
745,Even,Gregolin,egregolinko@accuweather.com,,1070,WA,274-30-7002,4/16/2022,4/12/2022,3/5/2022,4/20/2022,FALSE
746,Ryon,Elcoux,relcouxkp@answers.com,,1070,DC,860-73-7681,1/24/2022,12/10/2021,12/21/2021,1/31/2022,FALSE
747,Toni,Gelderd,tgelderdkq@nymag.com,,1070,MD,410-94-8131,12/20/2021,9/4/2021,1/0/1900,1/3/2022,TRUE
751,Agnella,Sirr,asirrku@china.com.cn,,1071,IA,870-33-7861,7/10/2022,4/14/2022,5/5/2022,8/9/2022,TRUE
752,Skippy,Mowson,smowsonkv@walmart.com,M4657,1071,GA,380-25-3375,6/27/2022,5/9/2022,6/19/2022,7/14/2022,FALSE
753,Edy,Lansberry,elansberrykw@blinklist.com,,1071,OH,462-39-2663,12/30/2021,11/7/2021,11/26/2021,1/22/2022,FALSE
755,Arnuad,GiacobbiniJacob,agiacobbinijacobky@dyndns.org,M85372,1071,TX,662-64-9616,6/19/2022,3/26/2022,3/21/2022,6/30/2022,FALSE
756,Chere,Gregoraci,cgregoracikz@auda.org.au,S7632,1071,TX,703-52-9811,3/21/2022,12/1/2021,3/3/2022,3/26/2022,TRUE
757,Clotilda,Cooley,ccooleyl0@is.gd,,1071,WV,460-75-4700,5/9/2022,1/14/2022,3/21/2022,6/13/2022,TRUE
758,Job,Bream,jbreaml1@biglobe.ne.jp,,1071,VA,470-09-5889,2/18/2022,1/11/2022,12/23/2021,3/10/2022,TRUE
760,Lura,Howford,lhowfordl3@imageshack.us,S72143A,1071,FL,851-48-3303,1/24/2022,10/12/2021,12/25/2021,2/13/2022,FALSE
761,Donny,Antoniewski,,,1071,OR,305-66-7547,1/14/2022,1/1/2022,12/12/2021,2/4/2022,TRUE
762,Pincus,Toffolini,ptoffolinil5@cornell.edu,S85811,1071,VA,253-44-9716,7/8/2022,3/23/2022,5/28/2022,7/28/2022,TRUE
763,Gothart,Scarff,gscarffl6@wufoo.com,S63241D,1071,AZ,340-99-4421,6/21/2022,6/11/2022,1/0/1900,7/11/2022,TRUE
764,Suzie,Klemenz,,M320,1071,CA,692-91-3695,2/18/2022,11/23/2021,1/17/2022,3/13/2022,TRUE
767,Ninetta,Ewen,newenla@geocities.jp,,1072,TX,243-17-9305,4/4/2022,3/21/2022,1/3/2022,5/3/2022,FALSE
769,Viv,Clemetts,vclemettslc@infoseek.co.jp,S52045E,1072,IL,788-84-1947,1/5/2022,12/1/2021,1/0/1900,1/16/2022,FALSE
770,Zerk,Dobrovolny,zdobrovolnyld@oaic.gov.au,B870,1072,MI,592-12-6851,5/10/2022,1/28/2022,2/15/2022,5/28/2022,TRUE
772,Melany,Bau,mbaulf@gmpg.org,,1072,MA,629-51-3273,11/28/2021,10/25/2021,11/2/2021,1/9/2022,FALSE
773,Carmelina,Dome,cdomelg@woothemes.com,R1110,1072,DC,254-24-1591,3/9/2022,1/25/2022,12/29/2021,4/8/2022,TRUE
774,Rafaelita,Strafen,rstrafenlh@acquirethisname.com,,1072,CA,763-11-9422,12/9/2021,11/17/2021,9/29/2021,1/3/2022,FALSE
780,Debi,Gurg,dgurgln@cloudflare.com,,1072,DE,751-48-7815,7/28/2022,4/12/2022,7/15/2022,8/4/2022,FALSE
782,Brietta,Risdale,brisdalelp@simplemachines.org,,1073,WI,645-63-5213,3/5/2022,2/6/2022,1/22/2022,4/13/2022,FALSE
784,Jandy,Gregoratti,jgregorattilr@cafepress.com,H048,1073,NV,421-06-8798,3/29/2022,2/24/2022,1/7/2022,4/6/2022,FALSE
786,Josias,Fayers,jfayerslt@globo.com,S73046D,1073,IL,519-95-1933,7/13/2022,5/3/2022,7/6/2022,8/23/2022,FALSE
787,Basilio,Peebles,bpeebleslu@acquirethisname.com,T361X6A,1073,OH,890-78-9371,7/19/2022,4/14/2022,5/5/2022,8/17/2022,TRUE
789,Lucias,O'Longain,lolongainlw@msn.com,,1073,,150-84-7647,7/6/2022,6/16/2022,3/30/2022,7/11/2022,
790,Bealle,Murrish,bmurrishlx@patch.com,T2641XA,1073,TN,630-87-2345,12/25/2021,11/4/2021,11/18/2021,1/28/2022,FALSE
791,Fleur,Monsey,fmonseyly@sciencedirect.com,S0080XD,1073,NE,595-43-1418,6/14/2022,6/2/2022,5/5/2022,6/21/2022,FALSE
792,Northrup,Batistelli,nbatistellilz@pen.io,B508,1073,NY,618-09-6991,8/10/2022,6/29/2022,8/3/2022,9/21/2022,TRUE
794,Casey,Burn,cburnm1@slashdot.org,T365X,1073,FL,671-98-8586,6/15/2022,2/22/2022,6/7/2022,7/18/2022,TRUE
795,Debor,Impey,dimpeym2@statcounter.com,Z911,1073,WV,769-41-5775,6/6/2022,5/11/2022,5/28/2022,7/9/2022,FALSE
796,Lina,Ebenezer,lebenezerm3@skype.com,I69349,1074,FL,486-97-8714,7/9/2022,3/15/2022,5/16/2022,8/3/2022,FALSE
797,Jacques,Hucquart,jhucquartm4@quantcast.com,,1074,CA,384-95-6873,5/10/2022,5/3/2022,4/11/2022,6/17/2022,FALSE
799,Abbey,Batchan,abatchanm6@deliciousdays.com,S0232,1074,FL,179-46-7560,6/24/2022,3/20/2022,4/3/2022,7/8/2022,FALSE
800,Northrop,Aldus,naldusm7@wsj.com,S42343B,1074,TX,462-58-3387,2/15/2022,11/8/2021,1/15/2022,3/4/2022,FALSE
801,Moritz,Jahan,mjahanm8@hubpages.com,S63266,1074,GA,483-31-5009,2/17/2022,12/21/2021,11/30/2021,2/23/2022,FALSE
802,Hamlin,Whithorn,hwhithornm9@biblegateway.com,S52354M,1074,WI,421-95-2461,4/3/2022,1/4/2022,3/28/2022,4/30/2022,FALSE
803,Evyn,Keyho,ekeyhoma@nhs.uk,S42473,1074,TN,565-98-2463,7/18/2022,4/28/2022,7/5/2022,8/8/2022,TRUE
804,Georgetta,Chevalier,gchevaliermb@1und1.de,T414,1074,OH,424-25-7539,6/21/2022,6/12/2022,4/13/2022,7/9/2022,TRUE
806,Sharla,Gimson,sgimsonmd@forbes.com,,1074,OH,423-15-0013,1/25/2022,10/3/2021,1/18/2022,2/24/2022,TRUE
807,Wynn,Peasgood,wpeasgoodme@webmd.com,,1074,NJ,159-89-6372,7/14/2022,5/22/2022,4/29/2022,8/22/2022,TRUE
808,Tiffy,Avo,tavomf@themeforest.net,Q173,1074,NY,476-98-7127,6/7/2022,4/26/2022,5/26/2022,7/2/2022,FALSE
812,Gertruda,Bodesson,gbodessonmj@icio.us,T425X1A,1075,IN,602-82-3290,12/27/2021,10/16/2021,10/7/2021,1/27/2022,TRUE
813,Nikaniki,Sparwell,nsparwellmk@xing.com,S4320,1075,CA,800-32-7999,4/25/2022,3/29/2022,3/3/2022,5/10/2022,FALSE
814,Leoline,Piercy,lpiercyml@netlog.com,S4630,1075,MI,758-29-4714,6/12/2022,3/16/2022,6/7/2022,7/16/2022,FALSE
816,Johan,Roiz,jroizmn@bandcamp.com,S62012K,1075,NC,124-15-1931,2/19/2022,11/9/2021,11/26/2021,3/29/2022,FALSE
817,Marcellus,Klus,mklusmo@xing.com,T434X2,1075,MI,551-49-4069,2/18/2022,11/3/2021,12/28/2021,3/16/2022,TRUE
818,Consolata,Reilly,,M0084,1075,FL,703-61-9061,4/13/2022,3/15/2022,3/18/2022,5/14/2022,TRUE
820,Beale,Belitz,bbelitzmr@forbes.com,,1075,DC,551-11-1026,5/7/2022,4/4/2022,3/27/2022,5/29/2022,TRUE
821,Theadora,Worwood,tworwoodms@tinypic.com,S82872C,1075,KS,868-28-9536,5/20/2022,3/18/2022,3/6/2022,5/30/2022,TRUE
822,Shurlocke,Chitson,schitsonmt@webmd.com,T530X4A,1075,TN,231-63-7182,7/2/2022,4/3/2022,6/11/2022,7/16/2022,TRUE
824,Brooks,Lornsen,blornsenmv@chronoengine.com,S52322C,1075,GA,793-01-4931,6/22/2022,5/22/2022,1/0/1900,7/12/2022,FALSE
825,Pooh,Stevens,pstevensmw@twitter.com,H2504,1075,WV,678-46-8975,5/14/2022,2/24/2022,4/10/2022,5/27/2022,FALSE
826,Candida,Asty,castymx@loc.gov,,1076,VA,339-28-2522,5/1/2022,1/28/2022,2/1/2022,5/18/2022,TRUE
828,Nichole,Simonard,nsimonardmz@scientificamerican.com,S61542S,1076,MD,295-12-9611,3/24/2022,12/28/2021,1/7/2022,4/9/2022,FALSE
829,Christophe,Mynott,cmynottn0@angelfire.com,,1076,,539-58-1827,3/8/2022,11/28/2021,1/1/2022,3/31/2022,
830,Hunt,Clendinning,hclendinningn1@google.com.hk,,1076,LA,458-57-1670,4/24/2022,3/2/2022,2/11/2022,5/8/2022,FALSE
833,Bernardina,Blenkin,bblenkinn4@tinyurl.com,T25019S,1076,IN,852-61-2438,4/20/2022,2/27/2022,2/20/2022,5/19/2022,TRUE
834,Vallie,Vlasenko,vvlasenkon5@sitemeter.com,,1076,MN,236-32-2393,2/25/2022,11/9/2021,11/21/2021,3/15/2022,FALSE
835,Jerry,Bluck,jbluckn6@ucoz.com,V0202XD,1076,GA,733-83-8254,5/30/2022,4/30/2022,4/3/2022,6/30/2022,TRUE
836,Ortensia,Shillitoe,oshillitoen7@howstuffworks.com,S14102D,1076,OH,528-61-3215,2/16/2022,2/16/2022,12/7/2021,3/16/2022,FALSE
837,Kerry,Castellone,,S92254S,1076,NV,107-35-7816,6/11/2022,3/29/2022,5/29/2022,6/20/2022,FALSE
838,Lil,Courtois,lcourtoisn9@census.gov,T45625A,1076,OH,310-41-2951,5/7/2022,1/10/2022,3/7/2022,6/3/2022,TRUE
839,Waite,Gjerde,wgjerdena@wufoo.com,I01,1076,VA,861-35-8497,12/13/2021,8/19/2021,10/6/2021,1/1/2022,TRUE
840,Ashia,O' Quirk,aoquirknb@apple.com,S3690XA,1076,CA,427-54-2453,3/24/2022,12/21/2021,1/5/2022,4/17/2022,TRUE
842,Tomi,Carress,,S92535K,1077,IL,674-73-7245,1/17/2022,1/17/2022,12/18/2021,1/25/2022,TRUE
843,Christian,Baike,cbaikene@bloglovin.com,,1077,TX,393-70-2399,6/24/2022,3/11/2022,5/31/2022,7/11/2022,FALSE
846,Cyndi,McDonand,cmcdonandnh@addthis.com,,1077,IL,668-80-1664,5/26/2022,2/5/2022,4/13/2022,6/27/2022,FALSE
849,Maxine,Leather,mleathernk@php.net,S61228D,1077,PA,815-49-4652,6/3/2022,3/11/2022,5/20/2022,7/6/2022,FALSE
850,Alvan,Toohey,atooheynl@house.gov,S90919A,1077,CA,273-47-2694,2/17/2022,2/8/2022,12/7/2021,3/12/2022,TRUE
851,Merilyn,Stanbra,mstanbranm@cafepress.com,,1077,IL,486-15-3376,6/16/2022,3/27/2022,3/23/2022,7/3/2022,TRUE
852,Karlen,Warnock,,S82022M,1077,MD,294-32-2709,5/10/2022,2/8/2022,4/17/2022,6/8/2022,FALSE
853,Zuzana,Dumberell,zdumberellno@ca.gov,W5552,1077,NY,485-30-2555,7/20/2022,7/14/2022,4/30/2022,8/9/2022,FALSE
854,Merwin,Skilling,,,1077,IN,850-03-4874,12/12/2021,9/17/2021,9/22/2021,1/19/2022,TRUE
855,Lanie,Haddock,lhaddocknq@discuz.net,,1077,LA,227-51-5669,5/17/2022,4/3/2022,5/12/2022,6/15/2022,FALSE
856,Robbert,Bertelmot,rbertelmotnr@zdnet.com,W14,1078,CA,569-71-2765,6/5/2022,2/25/2022,5/22/2022,6/9/2022,FALSE
858,Matthiew,Labat,mlabatnt@omniture.com,Z48817,1078,CA,252-63-4693,3/21/2022,2/21/2022,12/28/2021,4/27/2022,TRUE
859,Jenda,Bartolomeazzi,,,1078,TX,429-18-0805,5/30/2022,4/1/2022,3/28/2022,6/26/2022,FALSE
863,Collin,Bevington,cbevingtonny@wsj.com,O663,1078,CA,344-83-2135,5/28/2022,5/5/2022,3/25/2022,6/3/2022,FALSE
864,Brien,Gilyatt,bgilyattnz@wix.com,S82113K,1078,AZ,297-35-2674,11/29/2021,9/22/2021,10/23/2021,1/4/2022,FALSE
865,Ingeborg,De Biaggi,idebiaggio0@un.org,,1078,IN,109-76-5968,6/5/2022,4/26/2022,5/1/2022,6/29/2022,TRUE
867,Jobina,Herculson,jherculsono2@gnu.org,V601XXA,1078,FL,472-55-3549,2/4/2022,1/16/2022,12/12/2021,2/15/2022,FALSE
868,Leodora,Cowgill,lcowgillo3@cdbaby.com,S61318S,1078,AZ,578-55-7448,5/11/2022,4/19/2022,3/31/2022,6/16/2022,TRUE
872,Paloma,Bloore,pblooreo7@who.int,,1079,DC,177-91-2973,2/13/2022,11/29/2021,12/15/2021,3/24/2022,TRUE
874,Edmon,Duny,edunyo9@ed.gov,,1079,AZ,793-35-4072,8/7/2022,7/22/2022,7/21/2022,9/14/2022,TRUE
875,Cristionna,Braznell,cbraznelloa@wikia.com,,1079,KY,275-12-6610,4/13/2022,4/2/2022,2/6/2022,5/7/2022,TRUE
879,Percy,Verdy,pverdyoe@umn.edu,T84420A,1079,FL,775-40-5313,5/18/2022,2/16/2022,2/14/2022,6/25/2022,FALSE
884,Jacky,Barok,jbarokoj@joomla.org,,1079,CT,872-45-6485,4/23/2022,3/22/2022,3/29/2022,6/2/2022,TRUE
886,Jackie,Wringe,jwringeol@wix.com,,1080,MI,415-15-1937,2/11/2022,12/1/2021,2/5/2022,3/18/2022,TRUE
887,Ingar,Tschursch,itschurschom@ameblo.jp,S46891,1080,TN,725-91-6887,4/30/2022,4/30/2022,3/16/2022,5/25/2022,TRUE
889,Roby,Chapling,rchaplingoo@woothemes.com,T17808,1080,IL,486-65-5451,3/16/2022,1/20/2022,3/3/2022,3/30/2022,TRUE
892,Valentine,Huntall,vhuntallor@nps.gov,M84663K,1080,,293-25-2489,1/23/2022,10/23/2021,1/22/2022,2/18/2022,
893,Garwin,Iorizzi,giorizzios@last.fm,S42201K,1080,FL,425-52-4456,5/25/2022,4/22/2022,3/31/2022,7/2/2022,FALSE
894,Andie,Timms,atimmsot@zdnet.com,,1080,FL,129-25-0073,4/20/2022,12/19/2021,2/19/2022,5/5/2022,FALSE
896,Purcell,Larkin,plarkinov@bandcamp.com,S52341E,1080,PA,523-51-8610,1/21/2022,11/12/2021,1/0/1900,1/25/2022,TRUE
897,Catrina,Stannah,cstannahow@sakura.ne.jp,O411,1080,CO,307-09-2955,4/29/2022,2/7/2022,1/0/1900,5/18/2022,FALSE
898,Nikita,Smalecombe,nsmalecombeox@cbsnews.com,,1080,NM,237-28-6678,6/23/2022,6/17/2022,6/13/2022,7/15/2022,FALSE
900,Margette,Lebrun,mlebrunoz@globo.com,,1080,NY,248-69-7269,2/4/2022,11/5/2021,11/2/2021,2/10/2022,FALSE
901,Alex,Pawden,apawdenp0@cpanel.net,,1081,SC,819-47-1430,1/9/2022,11/13/2021,11/22/2021,2/17/2022,TRUE
904,Alli,Forsbey,aforsbeyp3@gmpg.org,M86429,1081,CA,681-33-1451,5/30/2022,1/30/2022,5/19/2022,6/15/2022,TRUE
905,Mella,MacPhail,mmacphailp4@cbslocal.com,H60512,1081,AL,378-46-2867,6/14/2022,4/27/2022,5/22/2022,6/19/2022,FALSE
906,Chico,Chittleburgh,cchittleburghp5@slashdot.org,,1081,NM,783-30-6381,6/20/2022,3/24/2022,5/25/2022,7/21/2022,TRUE
908,Babbette,Claringbold,bclaringboldp7@uiuc.edu,H16139,1081,CT,311-54-2966,3/6/2022,1/1/2022,12/2/2021,3/9/2022,FALSE
909,Zeb,Bethel,zbethelp8@livejournal.com,,1081,NY,215-67-9534,2/11/2022,11/28/2021,1/7/2022,3/4/2022,FALSE
912,Valene,Nice,vnicepb@unicef.org,V8669XD,1081,PA,230-07-5261,6/21/2022,5/27/2022,4/8/2022,7/19/2022,FALSE
915,Elnar,Czaja,eczajape@ustream.tv,S55201S,1081,DC,191-64-6230,5/29/2022,5/1/2022,3/16/2022,6/9/2022,TRUE
917,Brunhilde,Divis,bdivispg@godaddy.com,Y92044,1082,AL,165-63-5946,12/21/2021,8/25/2021,9/18/2021,1/11/2022,TRUE
918,Elfrieda,Sprowle,esprowleph@tumblr.com,F16921,1082,PA,246-62-4177,4/19/2022,3/2/2022,1/14/2022,5/26/2022,TRUE
919,Sharlene,Massimi,smassimipi@technorati.com,T84123D,1082,TX,465-62-2205,8/2/2022,6/17/2022,5/20/2022,8/11/2022,FALSE
921,Jakie,Blaschke,jblaschkepk@examiner.com,Y9322,1082,NY,537-34-6279,2/25/2022,1/19/2022,12/5/2021,3/29/2022,FALSE
923,Moyra,Got,mgotpm@smugmug.com,S82002P,1082,TX,299-10-1206,5/25/2022,3/10/2022,4/12/2022,6/12/2022,TRUE
924,Cortie,Ockendon,cockendonpn@google.it,M2586,1082,WI,741-48-1653,12/21/2021,9/28/2021,11/15/2021,1/28/2022,FALSE
925,Curran,Rouke,croukepo@yelp.com,S56891D,1082,NE,114-23-3337,5/25/2022,5/18/2022,5/24/2022,6/21/2022,FALSE
928,Rozanne,Fairney,rfairneypr@engadget.com,S99239,1082,MA,123-85-7709,12/12/2021,9/29/2021,10/1/2021,1/2/2022,FALSE
929,Patric,Follows,pfollowsps@people.com.cn,,1082,FL,492-04-8388,2/9/2022,10/29/2021,12/23/2021,2/13/2022,TRUE
932,Nestor,Rispen,nrispenpv@yelp.com,T22119A,1083,VA,690-05-7902,7/12/2022,3/16/2022,4/17/2022,8/23/2022,FALSE
933,Alexio,Mesant,amesantpw@buzzfeed.com,T5692XA,1083,GA,257-42-6287,5/15/2022,3/31/2022,5/12/2022,5/23/2022,TRUE
938,Cullen,Marc,cmarcq1@admin.ch,,1083,VA,657-02-5264,3/27/2022,1/27/2022,1/4/2022,5/3/2022,TRUE
939,Sigismond,Scholar,sscholarq2@deviantart.com,,1083,ID,831-08-8603,12/4/2021,9/29/2021,10/30/2021,1/11/2022,TRUE
942,Alexis,Ansell,aansellq5@businessinsider.com,T61772,1083,CO,735-39-6487,1/8/2022,10/22/2021,12/20/2021,2/8/2022,FALSE
943,Kati,MacGebenay,kmacgebenayq6@earthlink.net,O99354,1083,FL,432-44-8887,8/5/2022,6/25/2022,5/17/2022,8/9/2022,TRUE
944,Phyllys,Sore,psoreq7@buzzfeed.com,T33822S,1083,AZ,395-66-0046,4/5/2022,2/5/2022,2/8/2022,4/8/2022,FALSE
945,Lidia,Gowler,lgowlerq8@privacy.gov.au,,1083,TX,275-06-4774,5/15/2022,1/28/2022,3/21/2022,5/30/2022,TRUE
946,Novelia,Accum,,,1084,MA,212-58-8471,7/24/2022,4/16/2022,6/20/2022,7/29/2022,TRUE
947,Brenda,Cowden,bcowdenqa@pbs.org,C8124,1084,MI,492-73-3140,12/20/2021,12/8/2021,11/19/2021,1/1/2022,TRUE
948,Ruben,Seven,,T401X4S,1084,KS,642-72-1163,5/10/2022,3/31/2022,2/13/2022,6/12/2022,TRUE
952,Hamilton,Chace,hchaceqf@google.nl,,1084,WV,251-29-0108,2/14/2022,1/5/2022,2/14/2022,3/4/2022,TRUE
953,Kyrstin,Rickersey,krickerseyqg@netvibes.com,,1084,UT,600-18-6469,6/8/2022,2/22/2022,6/5/2022,7/7/2022,TRUE
954,Orelle,Dellatorre,odellatorreqh@spiegel.de,T2159XD,1084,KS,299-06-6647,8/4/2022,5/13/2022,7/2/2022,8/25/2022,FALSE
958,Freedman,Ticic,fticicql@privacy.gov.au,,1084,MT,863-97-3902,12/1/2021,8/18/2021,11/16/2021,1/3/2022,TRUE
960,Janenna,Langford,jlangfordqn@privacy.gov.au,T431X5S,1084,NC,396-32-9622,4/22/2022,1/2/2022,2/19/2022,5/27/2022,TRUE
961,Freda,Catherick,fcatherickqo@mozilla.com,,1085,AR,844-53-0522,4/9/2022,2/22/2022,2/21/2022,4/23/2022,TRUE
962,Liam,Garrison,lgarrisonqp@imageshack.us,S43304,1085,TX,530-28-4879,7/7/2022,4/3/2022,4/20/2022,7/22/2022,TRUE
963,Gratia,Eakly,geaklyqq@eventbrite.com,S62600K,1085,SC,848-67-5984,7/9/2022,6/21/2022,4/16/2022,8/11/2022,TRUE
965,Guenevere,Jovicic,gjovicicqs@nsw.gov.au,W050XXD,1085,CA,350-73-0722,5/31/2022,5/21/2022,5/21/2022,7/12/2022,TRUE
966,Keefer,Brastead,kbrasteadqt@narod.ru,N474,1085,GA,778-20-1938,5/21/2022,2/11/2022,2/19/2022,5/29/2022,TRUE
968,Galvan,Ciottoi,gciottoiqv@dedecms.com,L89104,1085,TX,874-13-1228,2/24/2022,12/9/2021,12/1/2021,3/1/2022,TRUE
969,Agnesse,Gobolos,agobolosqw@bbb.org,,1085,NC,191-87-8269,1/18/2022,11/7/2021,11/14/2021,1/23/2022,FALSE
972,Branden,Preskett,bpreskettqz@forbes.com,,1085,MI,739-71-1708,7/11/2022,7/10/2022,7/5/2022,7/22/2022,FALSE
973,Shermy,Deery,sdeeryr0@rakuten.co.jp,,1085,CA,448-80-6560,2/13/2022,2/7/2022,1/27/2022,3/18/2022,TRUE
974,Armstrong,Gratland,agratlandr1@163.com,S4450XS,1085,MN,510-87-4379,1/19/2022,12/1/2021,12/5/2021,2/11/2022,TRUE
977,Shermy,Blaza,sblazar4@furl.net,S441,1086,FL,478-60-8277,6/10/2022,4/11/2022,5/27/2022,7/20/2022,FALSE
978,Dudley,Youle,dyouler5@amazon.co.jp,S63214S,1086,NY,146-60-3281,4/8/2022,3/22/2022,2/6/2022,5/4/2022,FALSE
979,Patten,Coneron,pconeronr6@plala.or.jp,V484XXA,1086,TX,411-51-5642,3/12/2022,1/3/2022,2/5/2022,3/15/2022,FALSE
980,Gabriele,Camplen,,V9220XD,1086,FL,108-89-2806,4/15/2022,3/3/2022,3/4/2022,5/6/2022,FALSE
982,Nate,Growy,ngrowyr9@google.com,T363X3A,1086,OK,249-85-2006,3/4/2022,3/1/2022,12/2/2021,3/30/2022,FALSE
984,Harrison,Applegate,happlegaterb@moonfruit.com,,1086,TX,126-29-3339,1/18/2022,10/2/2021,11/11/2021,2/18/2022,FALSE
985,Hastie,Whitehall,hwhitehallrc@wunderground.com,,1086,KY,175-28-3109,1/25/2022,10/23/2021,12/7/2021,3/4/2022,FALSE
987,Guilbert,Effaunt,geffauntre@blog.com,,1086,MS,876-89-7420,12/9/2021,8/28/2021,10/10/2021,1/8/2022,TRUE
989,Petronia,Wasbey,pwasbeyrg@prlog.org,,1086,IL,300-64-9842,6/2/2022,5/19/2022,3/29/2022,6/27/2022,FALSE
990,Falito,Hugill,fhugillrh@wp.com,T4146XS,1086,NC,468-79-4658,4/27/2022,4/2/2022,4/16/2022,5/13/2022,TRUE
992,Alessandra,Semorad,asemoradrj@simplemachines.org,Y35393A,1087,NC,126-83-3089,7/16/2022,3/19/2022,4/16/2022,8/17/2022,TRUE
993,Germain,Lathan,glathanrk@newsvine.com,S90471S,1087,GA,456-42-6007,7/10/2022,3/17/2022,4/28/2022,7/22/2022,TRUE
994,Delmar,Romeuf,dromeufrl@e-recht24.de,I82629,1087,TX,223-54-1063,2/26/2022,11/30/2021,12/3/2021,4/7/2022,FALSE
995,Rorie,Steggles,,S95811D,1087,,313-93-8637,4/3/2022,3/31/2022,2/24/2022,4/28/2022,
996,Gonzalo,Gibbon,ggibbonrn@woothemes.com,T422X3A,1087,CA,592-72-9939,4/20/2022,3/3/2022,2/12/2022,4/23/2022,TRUE
1000,Elli,Playhill,eplayhillrr@aboutads.info,,1087,MN,757-60-9671,12/27/2021,11/11/2021,9/25/2021,1/18/2022,FALSE
